userId,name,firstName,lastName,email,phone,packageType,packageStartDate,packageEndDate
lBd,y J R Z TQ,y,J R Z TQ,lBd@gym.local,000-000-0000,imported,2025-10-24,2026-10-24
wf,j xC j s Pmm,j,xC j s Pmm,wf@gym.local,000-000-0000,imported,2025-10-24,2026-10-24
aC,p W N,p,W N,aC@gym.local,000-000-0000,imported,2025-10-24,2026-10-24
k5Z,o u,o,u,k5Z@gym.local,000-000-0000,imported,2025-10-24,2026-10-24
Zl,F E u StT J U XV,F,E u StT J U XV,Zl@gym.local,000-000-0000,imported,2025-10-24,2026-10-24
27,p L D a z,p,L D a z,27@gym.local,000-000-0000,imported,2025-10-24,2026-10-24
KXw,q L c x s n,q,L c x s n,KXw@gym.local,000-000-0000,imported,2025-10-24,2026-10-24
H_1,Z v u b r K Bb,Z,v u b r K Bb,H_1@gym.local,000-000-0000,imported,2025-10-24,2026-10-24
0g3a,a v k G d a,a,v k G d a,0g3a@gym.local,000-000-0000,imported,2025-10-24,2026-10-24
q9,O S q F z F G BT,O,S q F z F G BT,q9@gym.local,000-000-0000,imported,2025-10-24,2026-10-24
ObD,t p UT rd P,t,p UT rd P,ObD@gym.local,000-000-0000,imported,2025-10-24,2026-10-24
NWp,Z i N jo L,Z,i N jo L,NWp@gym.local,000-000-0000,imported,2025-10-24,2026-10-24
96,v t c p s,v,t c p s,96@gym.local,000-000-0000,imported,2025-10-24,2026-10-24
pW,f V h Z a h d d NZ T,f,V h Z a h d d NZ T,pW@gym.local,000-000-0000,imported,2025-10-24,2026-10-24
UH,ss,ss,User,UH@gym.local,000-000-0000,imported,2025-10-24,2026-10-24
KZ,m P h I b n,m,P h I b n,KZ@gym.local,000-000-0000,imported,2025-10-24,2026-10-24
mF,A w K s b,A,w K s b,mF@gym.local,000-000-0000,imported,2025-10-24,2026-10-24
uu,G Sq Cs vS I p MF Cq,G,Sq Cs vS I p MF Cq,uu@gym.local,000-000-0000,imported,2025-10-24,2026-10-24
fK,I J Uo v,I,J Uo v,fK@gym.local,000-000-0000,imported,2025-10-24,2026-10-24
rK,Y DM u m t,Y,DM u m t,rK@gym.local,000-000-0000,imported,2025-10-24,2026-10-24
t8I,I d Z L F H,I,d Z L F H,t8I@gym.local,000-000-0000,imported,2025-10-24,2026-10-24
1_,Y gkF j T X d D f,Y,gkF j T X d D f,1_@gym.local,000-000-0000,imported,2025-10-24,2026-10-24
22p,x l bT b lMvz h,x,l bT b lMvz h,22p@gym.local,000-000-0000,imported,2025-10-24,2026-10-24
Zh2X,L h m X V s WHH,L,h m X V s WHH,Zh2X@gym.local,000-000-0000,imported,2025-10-24,2026-10-24
QMXO,Q S I T k Y,Q,S I T k Y,QMXO@gym.local,000-000-0000,imported,2025-10-24,2026-10-24
dl8,P J n,P,J n,dl8@gym.local,000-000-0000,imported,2025-10-24,2026-10-24
Op,e H a e BP,e,H a e BP,Op@gym.local,000-000-0000,imported,2025-10-24,2026-10-24
lx,K c Q s,K,c Q s,lx@gym.local,000-000-0000,imported,2025-10-24,2026-10-24
D1,VK qQ Q D pj H T m,VK,qQ Q D pj H T m,D1@gym.local,000-000-0000,imported,2025-10-24,2026-10-24
ja,x T H Vd S o c C,x,T H Vd S o c C,ja@gym.local,000-000-0000,imported,2025-10-24,2026-10-24
rl,aP,aP,User,rl@gym.local,000-000-0000,imported,2025-10-24,2026-10-24
4Wz,o T h P v a K E,o,T h P v a K E,4Wz@gym.local,000-000-0000,imported,2025-10-24,2026-10-24
yrF,H i E S t,H,i E S t,yrF@gym.local,000-000-0000,imported,2025-10-24,2026-10-24
SE,P n k C s G i,P,n k C s G i,SE@gym.local,000-000-0000,imported,2025-10-24,2026-10-24
0PA,a U a J t S W K K,a,U a J t S W K K,0PA@gym.local,000-000-0000,imported,2025-10-24,2026-10-24
Lx32,A R c h m s z t s,A,R c h m s z t s,Lx32@gym.local,000-000-0000,imported,2025-10-24,2026-10-24
Vu,F g D DSR w H,F,g D DSR w H,Vu@gym.local,000-000-0000,imported,2025-10-24,2026-10-24
gW,DB,DB,User,gW@gym.local,000-000-0000,imported,2025-10-24,2026-10-24
Nu,V f d J lh bb a,V,f d J lh bb a,Nu@gym.local,000-000-0000,imported,2025-10-24,2026-10-24
kz,x Q v s e o m R A,x,Q v s e o m R A,kz@gym.local,000-000-0000,imported,2025-10-24,2026-10-24
0Q,x J J J i I g e Dk,x,J J J i I g e Dk,0Q@gym.local,000-000-0000,imported,2025-10-24,2026-10-24
P3,F K c j A,F,K c j A,P3@gym.local,000-000-0000,imported,2025-10-24,2026-10-24
m7,Mi,Mi,User,m7@gym.local,000-000-0000,imported,2025-10-24,2026-10-24
sSH,X V p N V g O,X,V p N V g O,sSH@gym.local,000-000-0000,imported,2025-10-24,2026-10-24
mZ,c F d a o a C,c,F d a o a C,mZ@gym.local,000-000-0000,imported,2025-10-24,2026-10-24
7oQH,TK Wz Nom,TK,Wz Nom,7oQH@gym.local,000-000-0000,imported,2025-10-24,2026-10-24
Ar,m h h v k P,m,h h v k P,Ar@gym.local,000-000-0000,imported,2025-10-24,2026-10-24
8z,q V F s lX s,q,V F s lX s,8z@gym.local,000-000-0000,imported,2025-10-24,2026-10-24
chW,v i b LL j QL b A ch z,v,i b LL j QL b A ch z,chW@gym.local,000-000-0000,imported,2025-10-24,2026-10-24
Lf,R n,R,n,Lf@gym.local,000-000-0000,imported,2025-10-24,2026-10-24
_w,u Z L l ojh G Z l I,u,Z L l ojh G Z l I,_w@gym.local,000-000-0000,imported,2025-10-24,2026-10-24
wP,Hf d m Ql,Hf,d m Ql,wP@gym.local,000-000-0000,imported,2025-10-24,2026-10-24
UXZ,X F t a n q R A q,X,F t a n q R A q,UXZ@gym.local,000-000-0000,imported,2025-10-24,2026-10-24
3R,Q c h Z D,Q,c h Z D,3R@gym.local,000-000-0000,imported,2025-10-24,2026-10-24
lU,AXu g S,AXu,g S,lU@gym.local,000-000-0000,imported,2025-10-24,2026-10-24
yP,j W f U F p,j,W f U F p,yP@gym.local,000-000-0000,imported,2025-10-24,2026-10-24
D9_,S M p o,S,M p o,D9_@gym.local,000-000-0000,imported,2025-10-24,2026-10-24
V7,T i s l e k n M qf,T,i s l e k n M qf,V7@gym.local,000-000-0000,imported,2025-10-24,2026-10-24
Po,Y z u N q N A,Y,z u N q N A,Po@gym.local,000-000-0000,imported,2025-10-24,2026-10-24
wo,Yg Rp,Yg,Rp,wo@gym.local,000-000-0000,imported,2025-10-24,2026-10-24
K2r,p C f K,p,C f K,K2r@gym.local,000-000-0000,imported,2025-10-24,2026-10-24
GO,N l L a Y W v R I,N,l L a Y W v R I,GO@gym.local,000-000-0000,imported,2025-10-24,2026-10-24
rPP,b h U W,b,h U W,rPP@gym.local,000-000-0000,imported,2025-10-24,2026-10-24
OQ,z m W pkT A Y Ql Ix d,z,m W pkT A Y Ql Ix d,OQ@gym.local,000-000-0000,imported,2025-10-24,2026-10-24
ofq,q Y a n l u t,q,Y a n l u t,ofq@gym.local,000-000-0000,imported,2025-10-24,2026-10-24
Dq,k D I P,k,D I P,Dq@gym.local,000-000-0000,imported,2025-10-24,2026-10-24
sd3i,B E H P d vl u,B,E H P d vl u,sd3i@gym.local,000-000-0000,imported,2025-10-24,2026-10-24
3q,dV,dV,User,3q@gym.local,000-000-0000,imported,2025-10-24,2026-10-24
qa,RX NJ,RX,NJ,qa@gym.local,000-000-0000,imported,2025-10-24,2026-10-24
OqwU,l p v D p n t i q,l,p v D p n t i q,OqwU@gym.local,000-000-0000,imported,2025-10-24,2026-10-24
iV,RTk ss,RTk,ss,iV@gym.local,000-000-0000,imported,2025-10-24,2026-10-24
X0,A A,A,A,X0@gym.local,000-000-0000,imported,2025-10-24,2026-10-24
sAMs,C NR ekI QM,C,NR ekI QM,sAMs@gym.local,000-000-0000,imported,2025-10-24,2026-10-24
YJHf,J U f M,J,U f M,YJHf@gym.local,000-000-0000,imported,2025-10-24,2026-10-24
DT,O U n U x dlF HD,O,U n U x dlF HD,DT@gym.local,000-000-0000,imported,2025-10-24,2026-10-24
mc,T A v l h U,T,A v l h U,mc@gym.local,000-000-0000,imported,2025-10-24,2026-10-24
1c,XQsYN,XQsYN,User,1c@gym.local,000-000-0000,imported,2025-10-24,2026-10-24
kE,R JrU V N,R,JrU V N,kE@gym.local,000-000-0000,imported,2025-10-24,2026-10-24
E0JDp,d V G Vi,d,V G Vi,E0JDp@gym.local,000-000-0000,imported,2025-10-24,2026-10-24
zl,n H a O,n,H a O,zl@gym.local,000-000-0000,imported,2025-10-24,2026-10-24
u0,lSa,lSa,User,u0@gym.local,000-000-0000,imported,2025-10-24,2026-10-24
Sa,XU cRa,XU,cRa,Sa@gym.local,000-000-0000,imported,2025-10-24,2026-10-24
Tb,OU Kt,OU,Kt,Tb@gym.local,000-000-0000,imported,2025-10-24,2026-10-24
YF0d,H O I D y dP I I M,H,O I D y dP I I M,YF0d@gym.local,000-000-0000,imported,2025-10-24,2026-10-24
VL,A n q b Z k N j,A,n q b Z k N j,VL@gym.local,000-000-0000,imported,2025-10-24,2026-10-24
eMy,v o P n w E,v,o P n w E,eMy@gym.local,000-000-0000,imported,2025-10-24,2026-10-24
F9R3,A Y Y k,A,Y Y k,F9R3@gym.local,000-000-0000,imported,2025-10-24,2026-10-24
gX,j l g L wb F K L,j,l g L wb F K L,gX@gym.local,000-000-0000,imported,2025-10-24,2026-10-24
Un,d Eg,d,Eg,Un@gym.local,000-000-0000,imported,2025-10-24,2026-10-24
5Mg,i B N s Z G z Dt v,i,B N s Z G z Dt v,5Mg@gym.local,000-000-0000,imported,2025-10-24,2026-10-24
fx,y M p BE VSun,y,M p BE VSun,fx@gym.local,000-000-0000,imported,2025-10-24,2026-10-24
Gp,E v L c A uYpnA EN xvM,E,v L c A uYpnA EN xvM,Gp@gym.local,000-000-0000,imported,2025-10-24,2026-10-24
zQ,x r R d uI,x,r R d uI,zQ@gym.local,000-000-0000,imported,2025-10-24,2026-10-24
ju,F q j Z f U y gNH T C,F,q j Z f U y gNH T C,ju@gym.local,000-000-0000,imported,2025-10-24,2026-10-24
FVV,b c u,b,c u,FVV@gym.local,000-000-0000,imported,2025-10-24,2026-10-24
hi8,z O as z,z,O as z,hi8@gym.local,000-000-0000,imported,2025-10-24,2026-10-24
S0,O C j Ie,O,C j Ie,S0@gym.local,000-000-0000,imported,2025-10-24,2026-10-24
Ft,i B Og i,i,B Og i,Ft@gym.local,000-000-0000,imported,2025-10-24,2026-10-24
21z,K r x b v e M j,K,r x b v e M j,21z@gym.local,000-000-0000,imported,2025-10-24,2026-10-24
04,Y N B Mkb j,Y,N B Mkb j,04@gym.local,000-000-0000,imported,2025-10-24,2026-10-24
17,Q x Y L g iTC M,Q,x Y L g iTC M,17@gym.local,000-000-0000,imported,2025-10-24,2026-10-24
Ig,J D n P,J,D n P,Ig@gym.local,000-000-0000,imported,2025-10-24,2026-10-24
Q8,o K Q Q w f f,o,K Q Q w f f,Q8@gym.local,000-000-0000,imported,2025-10-24,2026-10-24
qH,o m Y p I t i,o,m Y p I t i,qH@gym.local,000-000-0000,imported,2025-10-24,2026-10-24
0I,hr ssQ,hr,ssQ,0I@gym.local,000-000-0000,imported,2025-10-24,2026-10-24
QC,z u Z Z f x s gM l M,z,u Z Z f x s gM l M,QC@gym.local,000-000-0000,imported,2025-10-24,2026-10-24
Pv,T U m D j G,T,U m D j G,Pv@gym.local,000-000-0000,imported,2025-10-24,2026-10-24
vm,O y b,O,y b,vm@gym.local,000-000-0000,imported,2025-10-24,2026-10-24
w5,M f zlrt F,M,f zlrt F,w5@gym.local,000-000-0000,imported,2025-10-24,2026-10-24
AYB,WC dh Hyj C z q c BL,WC,dh Hyj C z q c BL,AYB@gym.local,000-000-0000,imported,2025-10-24,2026-10-24
Az,c G NP P,c,G NP P,Az@gym.local,000-000-0000,imported,2025-10-24,2026-10-24
Kx,i U M o t C,i,U M o t C,Kx@gym.local,000-000-0000,imported,2025-10-24,2026-10-24
ou,F U E W Q c Jp nt,F,U E W Q c Jp nt,ou@gym.local,000-000-0000,imported,2025-10-24,2026-10-24
T1,T y x y PT o t qd,T,y x y PT o t qd,T1@gym.local,000-000-0000,imported,2025-10-24,2026-10-24
BPve,ui,ui,User,BPve@gym.local,000-000-0000,imported,2025-10-24,2026-10-24
N5f,I w j P L w E ke,I,w j P L w E ke,N5f@gym.local,000-000-0000,imported,2025-10-24,2026-10-24
dV2,u i Z d S,u,i Z d S,dV2@gym.local,000-000-0000,imported,2025-10-24,2026-10-24
x7,g g q i V G Q n,g,g q i V G Q n,x7@gym.local,000-000-0000,imported,2025-10-24,2026-10-24
di,GJ x o Y b u,GJ,x o Y b u,di@gym.local,000-000-0000,imported,2025-10-24,2026-10-24
_4,k L H U a H c s,k,L H U a H c s,_4@gym.local,000-000-0000,imported,2025-10-24,2026-10-24
c5,Y QD O oSF d x e i,Y,QD O oSF d x e i,c5@gym.local,000-000-0000,imported,2025-10-24,2026-10-24
Em,x E z m u V t Z L,x,E z m u V t Z L,Em@gym.local,000-000-0000,imported,2025-10-24,2026-10-24
PJ,C u d O IT,C,u d O IT,PJ@gym.local,000-000-0000,imported,2025-10-24,2026-10-24
Xw,b y h b Lt IVq l I w cn,b,y h b Lt IVq l I w cn,Xw@gym.local,000-000-0000,imported,2025-10-24,2026-10-24
ByP,znh,znh,User,ByP@gym.local,000-000-0000,imported,2025-10-24,2026-10-24
cdJu,L w n P O r,L,w n P O r,cdJu@gym.local,000-000-0000,imported,2025-10-24,2026-10-24
dQ,UR Ac,UR,Ac,dQ@gym.local,000-000-0000,imported,2025-10-24,2026-10-24
1q,A g k R,A,g k R,1q@gym.local,000-000-0000,imported,2025-10-24,2026-10-24
l4,I w V j m H Z W Lh C B,I,w V j m H Z W Lh C B,l4@gym.local,000-000-0000,imported,2025-10-24,2026-10-24
hH,r E s x hs Sb,r,E s x hs Sb,hH@gym.local,000-000-0000,imported,2025-10-24,2026-10-24
_6,u a K W E W O,u,a K W E W O,_6@gym.local,000-000-0000,imported,2025-10-24,2026-10-24
V8,p B w o s,p,B w o s,V8@gym.local,000-000-0000,imported,2025-10-24,2026-10-24
OT,A DXA j j n,A,DXA j j n,OT@gym.local,000-000-0000,imported,2025-10-24,2026-10-24
rc,j f N n,j,f N n,rc@gym.local,000-000-0000,imported,2025-10-24,2026-10-24
1k,m a rb c Z z Z mi,m,a rb c Z z Z mi,1k@gym.local,000-000-0000,imported,2025-10-24,2026-10-24
gNN,e e JHhK MH i C pHC,e,e JHhK MH i C pHC,gNN@gym.local,000-000-0000,imported,2025-10-24,2026-10-24
PE,C m V a S R,C,m V a S R,PE@gym.local,000-000-0000,imported,2025-10-24,2026-10-24
1pB,Y a y r I t,Y,a y r I t,1pB@gym.local,000-000-0000,imported,2025-10-24,2026-10-24
HKO,v J D d U q U U z ne,v,J D d U q U U z ne,HKO@gym.local,000-000-0000,imported,2025-10-24,2026-10-24
hW,P V e R e P R,P,V e R e P R,hW@gym.local,000-000-0000,imported,2025-10-24,2026-10-24
KnMv,f n k S a Q g,f,n k S a Q g,KnMv@gym.local,000-000-0000,imported,2025-10-24,2026-10-24
Nn,N A d u A d,N,A d u A d,Nn@gym.local,000-000-0000,imported,2025-10-24,2026-10-24
G_E,z D B G J Sh mD,z,D B G J Sh mD,G_E@gym.local,000-000-0000,imported,2025-10-24,2026-10-24
Lo,O M B H r U c,O,M B H r U c,Lo@gym.local,000-000-0000,imported,2025-10-24,2026-10-24
tz,GJ pT,GJ,pT,tz@gym.local,000-000-0000,imported,2025-10-24,2026-10-24
pl,H X h J G H u v R n,H,X h J G H u v R n,pl@gym.local,000-000-0000,imported,2025-10-24,2026-10-24
8R,c m B q Z JWql Q,c,m B q Z JWql Q,8R@gym.local,000-000-0000,imported,2025-10-24,2026-10-24
8bx,eZ,eZ,User,8bx@gym.local,000-000-0000,imported,2025-10-24,2026-10-24
6p,x s q Y w O f,x,s q Y w O f,6p@gym.local,000-000-0000,imported,2025-10-24,2026-10-24
x3n,o M z G g G E nG D,o,M z G g G E nG D,x3n@gym.local,000-000-0000,imported,2025-10-24,2026-10-24
HE,v s v D D,v,s v D D,HE@gym.local,000-000-0000,imported,2025-10-24,2026-10-24
Fe,a p P J C,a,p P J C,Fe@gym.local,000-000-0000,imported,2025-10-24,2026-10-24
mp,xk,xk,User,mp@gym.local,000-000-0000,imported,2025-10-24,2026-10-24
ps,C O e nv,C,O e nv,ps@gym.local,000-000-0000,imported,2025-10-24,2026-10-24
_9,W a n n m,W,a n n m,_9@gym.local,000-000-0000,imported,2025-10-24,2026-10-24
Vx,r x s Q,r,x s Q,Vx@gym.local,000-000-0000,imported,2025-10-24,2026-10-24
3snOO,B w w X Qv g l,B,w w X Qv g l,3snOO@gym.local,000-000-0000,imported,2025-10-24,2026-10-24
7y,l o d M Q l B,l,o d M Q l B,7y@gym.local,000-000-0000,imported,2025-10-24,2026-10-24
aM,K W UsP,K,W UsP,aM@gym.local,000-000-0000,imported,2025-10-24,2026-10-24
uO,A F v t Ot s a f,A,F v t Ot s a f,uO@gym.local,000-000-0000,imported,2025-10-24,2026-10-24
Wp,hy,hy,User,Wp@gym.local,000-000-0000,imported,2025-10-24,2026-10-24
72,Z j h V v OV OOjS,Z,j h V v OV OOjS,72@gym.local,000-000-0000,imported,2025-10-24,2026-10-24
sy,Q D E D,Q,D E D,sy@gym.local,000-000-0000,imported,2025-10-24,2026-10-24
Kv,l o M dS j,l,o M dS j,Kv@gym.local,000-000-0000,imported,2025-10-24,2026-10-24
0MkI3,l X F h Q,l,X F h Q,0MkI3@gym.local,000-000-0000,imported,2025-10-24,2026-10-24
94P0,db w F J x m ks,db,w F J x m ks,94P0@gym.local,000-000-0000,imported,2025-10-24,2026-10-24
EB,p S s a O s y M S I,p,S s a O s y M S I,EB@gym.local,000-000-0000,imported,2025-10-24,2026-10-24
r9,a g o m i O a fo,a,g o m i O a fo,r9@gym.local,000-000-0000,imported,2025-10-24,2026-10-24
QB,ZN C p p,ZN,C p p,QB@gym.local,000-000-0000,imported,2025-10-24,2026-10-24
VN,p J J KPN Z K V r Z,p,J J KPN Z K V r Z,VN@gym.local,000-000-0000,imported,2025-10-24,2026-10-24
UK,V s jY k G Z u,V,s jY k G Z u,UK@gym.local,000-000-0000,imported,2025-10-24,2026-10-24
he,h G,h,G,he@gym.local,000-000-0000,imported,2025-10-24,2026-10-24
MCSSP,Tf w X W,Tf,w X W,MCSSP@gym.local,000-000-0000,imported,2025-10-24,2026-10-24
kV,kV ori,kV,ori,kV@gym.local,000-000-0000,imported,2025-10-24,2026-10-24
ah,H d c V n m H,H,d c V n m H,ah@gym.local,000-000-0000,imported,2025-10-24,2026-10-24
ol,E x d p UW n,E,x d p UW n,ol@gym.local,000-000-0000,imported,2025-10-24,2026-10-24
Vg,I R o M K,I,R o M K,Vg@gym.local,000-000-0000,imported,2025-10-24,2026-10-24
Mi7,w G L y,w,G L y,Mi7@gym.local,000-000-0000,imported,2025-10-24,2026-10-24
bQ,j z r U W j e a,j,z r U W j e a,bQ@gym.local,000-000-0000,imported,2025-10-24,2026-10-24
NO,g z y a rtg,g,z y a rtg,NO@gym.local,000-000-0000,imported,2025-10-24,2026-10-24
dS,U Y g m r T d c M Kb I,U,Y g m r T d c M Kb I,dS@gym.local,000-000-0000,imported,2025-10-24,2026-10-24
K_2,z P T g N I Tbe,z,P T g N I Tbe,K_2@gym.local,000-000-0000,imported,2025-10-24,2026-10-24
Fca,v o A u B u,v,o A u B u,Fca@gym.local,000-000-0000,imported,2025-10-24,2026-10-24
AuK,a Z O OSo L y,a,Z O OSo L y,AuK@gym.local,000-000-0000,imported,2025-10-24,2026-10-24
Zo,Z j T A u B m,Z,j T A u B m,Zo@gym.local,000-000-0000,imported,2025-10-24,2026-10-24
kU,l Z Z O W c y S l N D h,l,Z Z O W c y S l N D h,kU@gym.local,000-000-0000,imported,2025-10-24,2026-10-24
C0,M j b w m K c,M,j b w m K c,C0@gym.local,000-000-0000,imported,2025-10-24,2026-10-24
Ptz,K J R,K,J R,Ptz@gym.local,000-000-0000,imported,2025-10-24,2026-10-24
zA,Y B VTk m Po Z,Y,B VTk m Po Z,zA@gym.local,000-000-0000,imported,2025-10-24,2026-10-24
vlg7,A se o p g G F,A,se o p g G F,vlg7@gym.local,000-000-0000,imported,2025-10-24,2026-10-24
ff,j E n Y M S e,j,E n Y M S e,ff@gym.local,000-000-0000,imported,2025-10-24,2026-10-24
nQ,Tnw,Tnw,User,nQ@gym.local,000-000-0000,imported,2025-10-24,2026-10-24
xy,t dq B p,t,dq B p,xy@gym.local,000-000-0000,imported,2025-10-24,2026-10-24
Mx1V,I E C jF H,I,E C jF H,Mx1V@gym.local,000-000-0000,imported,2025-10-24,2026-10-24
R3bg,t xp V Y ei A,t,xp V Y ei A,R3bg@gym.local,000-000-0000,imported,2025-10-24,2026-10-24
XP,Lh,Lh,User,XP@gym.local,000-000-0000,imported,2025-10-24,2026-10-24
h8,AL,AL,User,h8@gym.local,000-000-0000,imported,2025-10-24,2026-10-24
kB,Y K x SA ox m,Y,K x SA ox m,kB@gym.local,000-000-0000,imported,2025-10-24,2026-10-24
Oq,C n P e k o,C,n P e k o,Oq@gym.local,000-000-0000,imported,2025-10-24,2026-10-24
RXw,ne VJ,ne,VJ,RXw@gym.local,000-000-0000,imported,2025-10-24,2026-10-24
4UL,a B M X s jiuZBF Z,a,B M X s jiuZBF Z,4UL@gym.local,000-000-0000,imported,2025-10-24,2026-10-24
7bSS,u j j Vq l,u,j j Vq l,7bSS@gym.local,000-000-0000,imported,2025-10-24,2026-10-24
eYQd,K b c i v,K,b c i v,eYQd@gym.local,000-000-0000,imported,2025-10-24,2026-10-24
P8,gur,gur,User,P8@gym.local,000-000-0000,imported,2025-10-24,2026-10-24
Nd,y t I q x Q YI u,y,t I q x Q YI u,Nd@gym.local,000-000-0000,imported,2025-10-24,2026-10-24
sp,y g x,y,g x,sp@gym.local,000-000-0000,imported,2025-10-24,2026-10-24
Boj,G A h p n f m,G,A h p n f m,Boj@gym.local,000-000-0000,imported,2025-10-24,2026-10-24
6Z,vC td,vC,td,6Z@gym.local,000-000-0000,imported,2025-10-24,2026-10-24
Hb,h EG n W C OM,h,EG n W C OM,Hb@gym.local,000-000-0000,imported,2025-10-24,2026-10-24
cS,y Cn,y,Cn,cS@gym.local,000-000-0000,imported,2025-10-24,2026-10-24
8G,D C f z N PU r,D,C f z N PU r,8G@gym.local,000-000-0000,imported,2025-10-24,2026-10-24
dT,h P s v K TQ N n J Q,h,P s v K TQ N n J Q,dT@gym.local,000-000-0000,imported,2025-10-24,2026-10-24
_e,AV hZ zN,AV,hZ zN,_e@gym.local,000-000-0000,imported,2025-10-24,2026-10-24
p7n,x E Y,x,E Y,p7n@gym.local,000-000-0000,imported,2025-10-24,2026-10-24
EU,aw C T,aw,C T,EU@gym.local,000-000-0000,imported,2025-10-24,2026-10-24
r1,X g B M e,X,g B M e,r1@gym.local,000-000-0000,imported,2025-10-24,2026-10-24
HZ,d F j d W v NXm t b v Ve s,d,F j d W v NXm t b v Ve s,HZ@gym.local,000-000-0000,imported,2025-10-24,2026-10-24
99,r I Tw D sS L e,r,I Tw D sS L e,99@gym.local,000-000-0000,imported,2025-10-24,2026-10-24
2ZSu,c U a K E v f,c,U a K E v f,2ZSu@gym.local,000-000-0000,imported,2025-10-24,2026-10-24
Oi,g m U T,g,m U T,Oi@gym.local,000-000-0000,imported,2025-10-24,2026-10-24
P6r,L c F f Nt,L,c F f Nt,P6r@gym.local,000-000-0000,imported,2025-10-24,2026-10-24
J_i,R l d k O P,R,l d k O P,J_i@gym.local,000-000-0000,imported,2025-10-24,2026-10-24
liD,P S p w O v z,P,S p w O v z,liD@gym.local,000-000-0000,imported,2025-10-24,2026-10-24
Tbu,E h T a,E,h T a,Tbu@gym.local,000-000-0000,imported,2025-10-24,2026-10-24
ii,N A B w f O h R F,N,A B w f O h R F,ii@gym.local,000-000-0000,imported,2025-10-24,2026-10-24
H4,G N B IKkN NZZ,G,N B IKkN NZZ,H4@gym.local,000-000-0000,imported,2025-10-24,2026-10-24
pa,a t e N o,a,t e N o,pa@gym.local,000-000-0000,imported,2025-10-24,2026-10-24
gK6,h q t N L,h,q t N L,gK6@gym.local,000-000-0000,imported,2025-10-24,2026-10-24
mm,g G mf p wKn U,g,G mf p wKn U,mm@gym.local,000-000-0000,imported,2025-10-24,2026-10-24
t2,o O U P X x d GY b x d,o,O U P X x d GY b x d,t2@gym.local,000-000-0000,imported,2025-10-24,2026-10-24
Yf,v S i L L d Q d I,v,S i L L d Q d I,Yf@gym.local,000-000-0000,imported,2025-10-24,2026-10-24
cF,m O I q L d Q d,m,O I q L d Q d,cF@gym.local,000-000-0000,imported,2025-10-24,2026-10-24
l3,OY,OY,User,l3@gym.local,000-000-0000,imported,2025-10-24,2026-10-24
aWg3,m Z p,m,Z p,aWg3@gym.local,000-000-0000,imported,2025-10-24,2026-10-24
ZkgWK,V U T N,V,U T N,ZkgWK@gym.local,000-000-0000,imported,2025-10-24,2026-10-24
7QX,Q It vx i h dZ K v l d,Q,It vx i h dZ K v l d,7QX@gym.local,000-000-0000,imported,2025-10-24,2026-10-24
WV,e l Ws yFp YA,e,l Ws yFp YA,WV@gym.local,000-000-0000,imported,2025-10-24,2026-10-24
YQ,k h p J,k,h p J,YQ@gym.local,000-000-0000,imported,2025-10-24,2026-10-24
rJ,T B p f M,T,B p f M,rJ@gym.local,000-000-0000,imported,2025-10-24,2026-10-24
Qt,p c H HP M,p,c H HP M,Qt@gym.local,000-000-0000,imported,2025-10-24,2026-10-24
fH,l e K U W F J l c no,l,e K U W F J l c no,fH@gym.local,000-000-0000,imported,2025-10-24,2026-10-24
xZq,r H G B,r,H G B,xZq@gym.local,000-000-0000,imported,2025-10-24,2026-10-24
Vt,P o W F h,P,o W F h,Vt@gym.local,000-000-0000,imported,2025-10-24,2026-10-24
Oa,u Q J xcB U u Gq,u,Q J xcB U u Gq,Oa@gym.local,000-000-0000,imported,2025-10-24,2026-10-24
x1,bm,bm,User,x1@gym.local,000-000-0000,imported,2025-10-24,2026-10-24
ry,k Y U C Fq j,k,Y U C Fq j,ry@gym.local,000-000-0000,imported,2025-10-24,2026-10-24
2d,zWC,zWC,User,2d@gym.local,000-000-0000,imported,2025-10-24,2026-10-24
_F,y Q F I nb T,y,Q F I nb T,_F@gym.local,000-000-0000,imported,2025-10-24,2026-10-24
xmMG,k Vt Nh O A M V,k,Vt Nh O A M V,xmMG@gym.local,000-000-0000,imported,2025-10-24,2026-10-24
Ur,Z P Ua a b Y B,Z,P Ua a b Y B,Ur@gym.local,000-000-0000,imported,2025-10-24,2026-10-24
uz,xB O r A x,xB,O r A x,uz@gym.local,000-000-0000,imported,2025-10-24,2026-10-24
He,i o qz t nJ G,i,o qz t nJ G,He@gym.local,000-000-0000,imported,2025-10-24,2026-10-24
RHH,z y Q,z,y Q,RHH@gym.local,000-000-0000,imported,2025-10-24,2026-10-24
ea,knV yg,knV,yg,ea@gym.local,000-000-0000,imported,2025-10-24,2026-10-24
db,R h t y qo V i b,R,h t y qo V i b,db@gym.local,000-000-0000,imported,2025-10-24,2026-10-24
9n,o S p S UReG x K x S,o,S p S UReG x K x S,9n@gym.local,000-000-0000,imported,2025-10-24,2026-10-24
eo6B4v,hY,hY,User,eo6B4v@gym.local,000-000-0000,imported,2025-10-24,2026-10-24
Qk,x Du N L m D,x,Du N L m D,Qk@gym.local,000-000-0000,imported,2025-10-24,2026-10-24
zV,o A z s O E q C E,o,A z s O E q C E,zV@gym.local,000-000-0000,imported,2025-10-24,2026-10-24
Yv,y J x V s u M v,y,J x V s u M v,Yv@gym.local,000-000-0000,imported,2025-10-24,2026-10-24
uv,Q e,Q,e,uv@gym.local,000-000-0000,imported,2025-10-24,2026-10-24
HV_,R Y c z,R,Y c z,HV_@gym.local,000-000-0000,imported,2025-10-24,2026-10-24
p9D,f p N C O x R,f,p N C O x R,p9D@gym.local,000-000-0000,imported,2025-10-24,2026-10-24
fs,n t Q g S,n,t Q g S,fs@gym.local,000-000-0000,imported,2025-10-24,2026-10-24
Nr,q v C I V m w N Sk,q,v C I V m w N Sk,Nr@gym.local,000-000-0000,imported,2025-10-24,2026-10-24
r6,ym,ym,User,r6@gym.local,000-000-0000,imported,2025-10-24,2026-10-24
_2,qg of,qg,of,_2@gym.local,000-000-0000,imported,2025-10-24,2026-10-24
AR,O t A m,O,t A m,AR@gym.local,000-000-0000,imported,2025-10-24,2026-10-24
Ce,j K HyE,j,K HyE,Ce@gym.local,000-000-0000,imported,2025-10-24,2026-10-24
S4tO,E X K Z N P U K,E,X K Z N P U K,S4tO@gym.local,000-000-0000,imported,2025-10-24,2026-10-24
iZr,K j Z g Y n r M C y,K,j Z g Y n r M C y,iZr@gym.local,000-000-0000,imported,2025-10-24,2026-10-24
AZ,s v S Y c h,s,v S Y c h,AZ@gym.local,000-000-0000,imported,2025-10-24,2026-10-24
0n,b x m K q i C q,b,x m K q i C q,0n@gym.local,000-000-0000,imported,2025-10-24,2026-10-24
DL,L J L Fy,L,J L Fy,DL@gym.local,000-000-0000,imported,2025-10-24,2026-10-24
dG,q X I h,q,X I h,dG@gym.local,000-000-0000,imported,2025-10-24,2026-10-24
LlI,n H t x y y l i,n,H t x y y l i,LlI@gym.local,000-000-0000,imported,2025-10-24,2026-10-24
od,c e A I W fw,c,e A I W fw,od@gym.local,000-000-0000,imported,2025-10-24,2026-10-24
LZ,k G A c C,k,G A c C,LZ@gym.local,000-000-0000,imported,2025-10-24,2026-10-24
7Z,L p V JI A r Z w z,L,p V JI A r Z w z,7Z@gym.local,000-000-0000,imported,2025-10-24,2026-10-24
KY,a A H y t P I,a,A H y t P I,KY@gym.local,000-000-0000,imported,2025-10-24,2026-10-24
Yg,R d Dl,R,d Dl,Yg@gym.local,000-000-0000,imported,2025-10-24,2026-10-24
QHJ,DdH,DdH,User,QHJ@gym.local,000-000-0000,imported,2025-10-24,2026-10-24
4e,f S Z Ep,f,S Z Ep,4e@gym.local,000-000-0000,imported,2025-10-24,2026-10-24
B6,ji,ji,User,B6@gym.local,000-000-0000,imported,2025-10-24,2026-10-24
IjFI,m I M KyHTc Dv N U,m,I M KyHTc Dv N U,IjFI@gym.local,000-000-0000,imported,2025-10-24,2026-10-24
aD,s g S X l gq,s,g S X l gq,aD@gym.local,000-000-0000,imported,2025-10-24,2026-10-24
py,B Z P b v k,B,Z P b v k,py@gym.local,000-000-0000,imported,2025-10-24,2026-10-24
j8,Ep dqXJ Du tM,Ep,dqXJ Du tM,j8@gym.local,000-000-0000,imported,2025-10-24,2026-10-24
AX,D u jG QR x O,D,u jG QR x O,AX@gym.local,000-000-0000,imported,2025-10-24,2026-10-24
yjxk,g g,g,g,yjxk@gym.local,000-000-0000,imported,2025-10-24,2026-10-24
GD,R K U ET b c P o W I,R,K U ET b c P o W I,GD@gym.local,000-000-0000,imported,2025-10-24,2026-10-24
z1,gT,gT,User,z1@gym.local,000-000-0000,imported,2025-10-24,2026-10-24
GL,MQJh,MQJh,User,GL@gym.local,000-000-0000,imported,2025-10-24,2026-10-24
n0G,o NdA M PN q p,o,NdA M PN q p,n0G@gym.local,000-000-0000,imported,2025-10-24,2026-10-24
dB,u k I S,u,k I S,dB@gym.local,000-000-0000,imported,2025-10-24,2026-10-24
uB,n M f b C,n,M f b C,uB@gym.local,000-000-0000,imported,2025-10-24,2026-10-24
bd,E n E w d x i C,E,n E w d x i C,bd@gym.local,000-000-0000,imported,2025-10-24,2026-10-24
dRJV,U g I w A U,U,g I w A U,dRJV@gym.local,000-000-0000,imported,2025-10-24,2026-10-24
QC8m8I,aX x F QH t B,aX,x F QH t B,QC8m8I@gym.local,000-000-0000,imported,2025-10-24,2026-10-24
lHB,S u h Qo X s,S,u h Qo X s,lHB@gym.local,000-000-0000,imported,2025-10-24,2026-10-24
D3UJ,I C O E C c E,I,C O E C c E,D3UJ@gym.local,000-000-0000,imported,2025-10-24,2026-10-24
ks,U v qYI,U,v qYI,ks@gym.local,000-000-0000,imported,2025-10-24,2026-10-24
AE,g p LV,g,p LV,AE@gym.local,000-000-0000,imported,2025-10-24,2026-10-24
KSF,c Q N E F,c,Q N E F,KSF@gym.local,000-000-0000,imported,2025-10-24,2026-10-24
JJN,r o q G,r,o q G,JJN@gym.local,000-000-0000,imported,2025-10-24,2026-10-24
89,x S x W R u,x,S x W R u,89@gym.local,000-000-0000,imported,2025-10-24,2026-10-24
l7,c W B RXG J L u,c,W B RXG J L u,l7@gym.local,000-000-0000,imported,2025-10-24,2026-10-24
FbAg,h E r a KX R s l eg tq g,h,E r a KX R s l eg tq g,FbAg@gym.local,000-000-0000,imported,2025-10-24,2026-10-24
ra,V W T P fYoWQ,V,W T P fYoWQ,ra@gym.local,000-000-0000,imported,2025-10-24,2026-10-24
bc,I q p K n x PC,I,q p K n x PC,bc@gym.local,000-000-0000,imported,2025-10-24,2026-10-24
7s,x c Y M,x,c Y M,7s@gym.local,000-000-0000,imported,2025-10-24,2026-10-24
6T,DI xHR LS,DI,xHR LS,6T@gym.local,000-000-0000,imported,2025-10-24,2026-10-24
hNNKb,J v Y K w N U Y h y,J,v Y K w N U Y h y,hNNKb@gym.local,000-000-0000,imported,2025-10-24,2026-10-24
_B,j i,j,i,_B@gym.local,000-000-0000,imported,2025-10-24,2026-10-24
__,c r f E y,c,r f E y,__@gym.local,000-000-0000,imported,2025-10-24,2026-10-24
LtF7,B z y f Z C,B,z y f Z C,LtF7@gym.local,000-000-0000,imported,2025-10-24,2026-10-24
TW,v a E I vP,v,a E I vP,TW@gym.local,000-000-0000,imported,2025-10-24,2026-10-24
X_,V L K N g M P,V,L K N g M P,X_@gym.local,000-000-0000,imported,2025-10-24,2026-10-24
SW,sEL HY,sEL,HY,SW@gym.local,000-000-0000,imported,2025-10-24,2026-10-24
TL,j B u J J,j,B u J J,TL@gym.local,000-000-0000,imported,2025-10-24,2026-10-24
a9,y m H v,y,m H v,a9@gym.local,000-000-0000,imported,2025-10-24,2026-10-24
CP7,m d dN U,m,d dN U,CP7@gym.local,000-000-0000,imported,2025-10-24,2026-10-24
vW,j j h x a C tma,j,j h x a C tma,vW@gym.local,000-000-0000,imported,2025-10-24,2026-10-24
l_,OQ X M D x,OQ,X M D x,l_@gym.local,000-000-0000,imported,2025-10-24,2026-10-24
_s,b T w M r,b,T w M r,_s@gym.local,000-000-0000,imported,2025-10-24,2026-10-24
MR,U QE j Yk c wX NRn,U,QE j Yk c wX NRn,MR@gym.local,000-000-0000,imported,2025-10-24,2026-10-24
7p,i f E Z Z yy,i,f E Z Z yy,7p@gym.local,000-000-0000,imported,2025-10-24,2026-10-24
jG4,Dqo,Dqo,User,jG4@gym.local,000-000-0000,imported,2025-10-24,2026-10-24
VA,U d s TL F Dh u,U,d s TL F Dh u,VA@gym.local,000-000-0000,imported,2025-10-24,2026-10-24
LI,j p W w P,j,p W w P,LI@gym.local,000-000-0000,imported,2025-10-24,2026-10-24
K1,U D,U,D,K1@gym.local,000-000-0000,imported,2025-10-24,2026-10-24
0s,i F YQ H B tC s f E,i,F YQ H B tC s f E,0s@gym.local,000-000-0000,imported,2025-10-24,2026-10-24
rC,e W e d e Y C T,e,W e d e Y C T,rC@gym.local,000-000-0000,imported,2025-10-24,2026-10-24
Sh,AoXGl wz ab,AoXGl,wz ab,Sh@gym.local,000-000-0000,imported,2025-10-24,2026-10-24
Cz,y V H u,y,V H u,Cz@gym.local,000-000-0000,imported,2025-10-24,2026-10-24
pm,d O j v o m,d,O j v o m,pm@gym.local,000-000-0000,imported,2025-10-24,2026-10-24
y_,B W t G i,B,W t G i,y_@gym.local,000-000-0000,imported,2025-10-24,2026-10-24
rZL,Ns ec F Nn P,Ns,ec F Nn P,rZL@gym.local,000-000-0000,imported,2025-10-24,2026-10-24
SN,q H w h E D n,q,H w h E D n,SN@gym.local,000-000-0000,imported,2025-10-24,2026-10-24
6m,c o j q w s iaD,c,o j q w s iaD,6m@gym.local,000-000-0000,imported,2025-10-24,2026-10-24
a8,n Y E J j,n,Y E J j,a8@gym.local,000-000-0000,imported,2025-10-24,2026-10-24
XMH,pB,pB,User,XMH@gym.local,000-000-0000,imported,2025-10-24,2026-10-24
0i,j s g f p Z a p h,j,s g f p Z a p h,0i@gym.local,000-000-0000,imported,2025-10-24,2026-10-24
6ht,t C,t,C,6ht@gym.local,000-000-0000,imported,2025-10-24,2026-10-24
47B,g g o d g g O,g,g o d g g O,47B@gym.local,000-000-0000,imported,2025-10-24,2026-10-24
jro,Y E d n j v,Y,E d n j v,jro@gym.local,000-000-0000,imported,2025-10-24,2026-10-24
5n,g c E t U P W j,g,c E t U P W j,5n@gym.local,000-000-0000,imported,2025-10-24,2026-10-24
3RdI,m J k N I r G,m,J k N I r G,3RdI@gym.local,000-000-0000,imported,2025-10-24,2026-10-24
Bc,q v s d YFh C,q,v s d YFh C,Bc@gym.local,000-000-0000,imported,2025-10-24,2026-10-24
f1,h L Y HRY D qA x q,h,L Y HRY D qA x q,f1@gym.local,000-000-0000,imported,2025-10-24,2026-10-24
gd4,Z c qAQ H y u a A i,Z,c qAQ H y u a A i,gd4@gym.local,000-000-0000,imported,2025-10-24,2026-10-24
qS,N U u l U I l b,N,U u l U I l b,qS@gym.local,000-000-0000,imported,2025-10-24,2026-10-24
6X,t N Z i,t,N Z i,6X@gym.local,000-000-0000,imported,2025-10-24,2026-10-24
NqC,ox AS sQ,ox,AS sQ,NqC@gym.local,000-000-0000,imported,2025-10-24,2026-10-24
kk,J u x x,J,u x x,kk@gym.local,000-000-0000,imported,2025-10-24,2026-10-24
hN,E m I F N u x P V G y,E,m I F N u x P V G y,hN@gym.local,000-000-0000,imported,2025-10-24,2026-10-24
e7,S J S,S,J S,e7@gym.local,000-000-0000,imported,2025-10-24,2026-10-24
FZA,E I a v W A,E,I a v W A,FZA@gym.local,000-000-0000,imported,2025-10-24,2026-10-24
GHJw,LK R H,LK,R H,GHJw@gym.local,000-000-0000,imported,2025-10-24,2026-10-24
eY,F S YX W K,F,S YX W K,eY@gym.local,000-000-0000,imported,2025-10-24,2026-10-24
yD,xNK,xNK,User,yD@gym.local,000-000-0000,imported,2025-10-24,2026-10-24
KVI,z K DHN M p q,z,K DHN M p q,KVI@gym.local,000-000-0000,imported,2025-10-24,2026-10-24
v3,g j XG GC,g,j XG GC,v3@gym.local,000-000-0000,imported,2025-10-24,2026-10-24
Gw,UI,UI,User,Gw@gym.local,000-000-0000,imported,2025-10-24,2026-10-24
J2,s X M,s,X M,J2@gym.local,000-000-0000,imported,2025-10-24,2026-10-24
jP,r ajL X a w Z e R,r,ajL X a w Z e R,jP@gym.local,000-000-0000,imported,2025-10-24,2026-10-24
8S,Sp R nb,Sp,R nb,8S@gym.local,000-000-0000,imported,2025-10-24,2026-10-24
Tj,S h vn,S,h vn,Tj@gym.local,000-000-0000,imported,2025-10-24,2026-10-24
6S,J f rm bSm pWKR H,J,f rm bSm pWKR H,6S@gym.local,000-000-0000,imported,2025-10-24,2026-10-24
Zhk,Z P ZsPU R X Q,Z,P ZsPU R X Q,Zhk@gym.local,000-000-0000,imported,2025-10-24,2026-10-24
ch,k l G n z o,k,l G n z o,ch@gym.local,000-000-0000,imported,2025-10-24,2026-10-24
XXX,bX,bX,User,XXX@gym.local,000-000-0000,imported,2025-10-24,2026-10-24
gg,e c k l bfR W,e,c k l bfR W,gg@gym.local,000-000-0000,imported,2025-10-24,2026-10-24
zW,Y z,Y,z,zW@gym.local,000-000-0000,imported,2025-10-24,2026-10-24
_R,x e oC b N,x,e oC b N,_R@gym.local,000-000-0000,imported,2025-10-24,2026-10-24
CO,o n A LJI qql,o,n A LJI qql,CO@gym.local,000-000-0000,imported,2025-10-24,2026-10-24
P7e,r S E PG,r,S E PG,P7e@gym.local,000-000-0000,imported,2025-10-24,2026-10-24
Vlb,a A J ON,a,A J ON,Vlb@gym.local,000-000-0000,imported,2025-10-24,2026-10-24
yF,Q k d u t p k,Q,k d u t p k,yF@gym.local,000-000-0000,imported,2025-10-24,2026-10-24
CD,P c D T G w y,P,c D T G w y,CD@gym.local,000-000-0000,imported,2025-10-24,2026-10-24
3x,t R p fQ g,t,R p fQ g,3x@gym.local,000-000-0000,imported,2025-10-24,2026-10-24
GK,w u s,w,u s,GK@gym.local,000-000-0000,imported,2025-10-24,2026-10-24
7Y,Ws,Ws,User,7Y@gym.local,000-000-0000,imported,2025-10-24,2026-10-24
sY,s A b wH dYm e Kx r vPg NW,s,A b wH dYm e Kx r vPg NW,sY@gym.local,000-000-0000,imported,2025-10-24,2026-10-24
E1,Z W g Qj s g,Z,W g Qj s g,E1@gym.local,000-000-0000,imported,2025-10-24,2026-10-24
vo,V O h y h K,V,O h y h K,vo@gym.local,000-000-0000,imported,2025-10-24,2026-10-24
9s,o S P c j a l w sD,o,S P c j a l w sD,9s@gym.local,000-000-0000,imported,2025-10-24,2026-10-24
gwg,q E x I u u,q,E x I u u,gwg@gym.local,000-000-0000,imported,2025-10-24,2026-10-24
UA,J H Z Mc O K Bw qD,J,H Z Mc O K Bw qD,UA@gym.local,000-000-0000,imported,2025-10-24,2026-10-24
_X,L I a c X fr L,L,I a c X fr L,_X@gym.local,000-000-0000,imported,2025-10-24,2026-10-24
sG,K q h NB A fi,K,q h NB A fi,sG@gym.local,000-000-0000,imported,2025-10-24,2026-10-24
Ul,A k h bg bV B,A,k h bg bV B,Ul@gym.local,000-000-0000,imported,2025-10-24,2026-10-24
3W,W po,W,po,3W@gym.local,000-000-0000,imported,2025-10-24,2026-10-24
GM,W q w L r LRP W,W,q w L r LRP W,GM@gym.local,000-000-0000,imported,2025-10-24,2026-10-24
o2,xk C Z y,xk,C Z y,o2@gym.local,000-000-0000,imported,2025-10-24,2026-10-24
Q_,R L P N E V,R,L P N E V,Q_@gym.local,000-000-0000,imported,2025-10-24,2026-10-24
Gts,c w a R B Q U z N R,c,w a R B Q U z N R,Gts@gym.local,000-000-0000,imported,2025-10-24,2026-10-24
EOG,C P O Q f,C,P O Q f,EOG@gym.local,000-000-0000,imported,2025-10-24,2026-10-24
A6TX,Z i cT o jPii u,Z,i cT o jPii u,A6TX@gym.local,000-000-0000,imported,2025-10-24,2026-10-24
9_K,E o L U Ng,E,o L U Ng,9_K@gym.local,000-000-0000,imported,2025-10-24,2026-10-24
q_,B Y C q A VY,B,Y C q A VY,q_@gym.local,000-000-0000,imported,2025-10-24,2026-10-24
73,X X v d Y,X,X v d Y,73@gym.local,000-000-0000,imported,2025-10-24,2026-10-24
9qb,F M x q OF T fgU YU BC a,F,M x q OF T fgU YU BC a,9qb@gym.local,000-000-0000,imported,2025-10-24,2026-10-24
kq,N P H X h,N,P H X h,kq@gym.local,000-000-0000,imported,2025-10-24,2026-10-24
xO,n N a B bq n h,n,N a B bq n h,xO@gym.local,000-000-0000,imported,2025-10-24,2026-10-24
Kh5,I N f w cZm j,I,N f w cZm j,Kh5@gym.local,000-000-0000,imported,2025-10-24,2026-10-24
Is,bI,bI,User,Is@gym.local,000-000-0000,imported,2025-10-24,2026-10-24
cE,zg P Z u kq I l,zg,P Z u kq I l,cE@gym.local,000-000-0000,imported,2025-10-24,2026-10-24
me,p Got Cmr tbWe E i,p,Got Cmr tbWe E i,me@gym.local,000-000-0000,imported,2025-10-24,2026-10-24
cs,l mv s j K,l,mv s j K,cs@gym.local,000-000-0000,imported,2025-10-24,2026-10-24
iF,l N D z L ag,l,N D z L ag,iF@gym.local,000-000-0000,imported,2025-10-24,2026-10-24
0jhS,c Z u,c,Z u,0jhS@gym.local,000-000-0000,imported,2025-10-24,2026-10-24
Ve,g t P W g Y Ql Ua P,g,t P W g Y Ql Ua P,Ve@gym.local,000-000-0000,imported,2025-10-24,2026-10-24
YW,W l X x m WQ,W,l X x m WQ,YW@gym.local,000-000-0000,imported,2025-10-24,2026-10-24
UN,T W I,T,W I,UN@gym.local,000-000-0000,imported,2025-10-24,2026-10-24
zj,v J h s M,v,J h s M,zj@gym.local,000-000-0000,imported,2025-10-24,2026-10-24
BY,k l O M I L G y s,k,l O M I L G y s,BY@gym.local,000-000-0000,imported,2025-10-24,2026-10-24
Py,D s Eg oK nr h Q K,D,s Eg oK nr h Q K,Py@gym.local,000-000-0000,imported,2025-10-24,2026-10-24
opF,dP,dP,User,opF@gym.local,000-000-0000,imported,2025-10-24,2026-10-24
DW,O E W U e e t,O,E W U e e t,DW@gym.local,000-000-0000,imported,2025-10-24,2026-10-24
Ze,V ju f WI s,V,ju f WI s,Ze@gym.local,000-000-0000,imported,2025-10-24,2026-10-24
9p,lX,lX,User,9p@gym.local,000-000-0000,imported,2025-10-24,2026-10-24
fg,I Kg O oq D,I,Kg O oq D,fg@gym.local,000-000-0000,imported,2025-10-24,2026-10-24
ty,K W B E,K,W B E,ty@gym.local,000-000-0000,imported,2025-10-24,2026-10-24
uR,q G T I C iV,q,G T I C iV,uR@gym.local,000-000-0000,imported,2025-10-24,2026-10-24
Ca0,ji,ji,User,Ca0@gym.local,000-000-0000,imported,2025-10-24,2026-10-24
87,R N h d h,R,N h d h,87@gym.local,000-000-0000,imported,2025-10-24,2026-10-24
V5,X e Y h qN h K y,X,e Y h qN h K y,V5@gym.local,000-000-0000,imported,2025-10-24,2026-10-24
g0,c X G v l,c,X G v l,g0@gym.local,000-000-0000,imported,2025-10-24,2026-10-24
YO,x x d V a H m W u,x,x d V a H m W u,YO@gym.local,000-000-0000,imported,2025-10-24,2026-10-24
vQ,f D v x cz X I G,f,D v x cz X I G,vQ@gym.local,000-000-0000,imported,2025-10-24,2026-10-24
iYO3z,r D Y f H T p D O,r,D Y f H T p D O,iYO3z@gym.local,000-000-0000,imported,2025-10-24,2026-10-24
Dh,M ykR W j u K E w ePF,M,ykR W j u K E w ePF,Dh@gym.local,000-000-0000,imported,2025-10-24,2026-10-24
Xi,x m I O q,x,m I O q,Xi@gym.local,000-000-0000,imported,2025-10-24,2026-10-24
hPz,Ov WPW,Ov,WPW,hPz@gym.local,000-000-0000,imported,2025-10-24,2026-10-24
WE,r vbF e OMS x J N,r,vbF e OMS x J N,WE@gym.local,000-000-0000,imported,2025-10-24,2026-10-24
JU,g y W,g,y W,JU@gym.local,000-000-0000,imported,2025-10-24,2026-10-24
XT,z F LN L C Y F,z,F LN L C Y F,XT@gym.local,000-000-0000,imported,2025-10-24,2026-10-24
N7,PZ oP mX,PZ,oP mX,N7@gym.local,000-000-0000,imported,2025-10-24,2026-10-24
ZT,S g H S W H,S,g H S W H,ZT@gym.local,000-000-0000,imported,2025-10-24,2026-10-24
vA,F y k N P c V gc z T,F,y k N P c V gc z T,vA@gym.local,000-000-0000,imported,2025-10-24,2026-10-24
WQDh,p w V y e q k Q Vu C N,p,w V y e q k Q Vu C N,WQDh@gym.local,000-000-0000,imported,2025-10-24,2026-10-24
8Y,z E e j a,z,E e j a,8Y@gym.local,000-000-0000,imported,2025-10-24,2026-10-24
RON,V P c q A Y k z a,V,P c q A Y k z a,RON@gym.local,000-000-0000,imported,2025-10-24,2026-10-24
Jbn,l D r V m T,l,D r V m T,Jbn@gym.local,000-000-0000,imported,2025-10-24,2026-10-24
rS,w f b G M c A R,w,f b G M c A R,rS@gym.local,000-000-0000,imported,2025-10-24,2026-10-24
Doe,l L,l,L,Doe@gym.local,000-000-0000,imported,2025-10-24,2026-10-24
yxw,m G X C c c,m,G X C c c,yxw@gym.local,000-000-0000,imported,2025-10-24,2026-10-24
ms,y I e L,y,I e L,ms@gym.local,000-000-0000,imported,2025-10-24,2026-10-24
6y,Y g k g,Y,g k g,6y@gym.local,000-000-0000,imported,2025-10-24,2026-10-24
bR,GI Wfa,GI,Wfa,bR@gym.local,000-000-0000,imported,2025-10-24,2026-10-24
9KD,E I K f,E,I K f,9KD@gym.local,000-000-0000,imported,2025-10-24,2026-10-24
jr,W U L V D z,W,U L V D z,jr@gym.local,000-000-0000,imported,2025-10-24,2026-10-24
O8,o t yt,o,t yt,O8@gym.local,000-000-0000,imported,2025-10-24,2026-10-24
6y3P,V j pO G dH pu fy P r H,V,j pO G dH pu fy P r H,6y3P@gym.local,000-000-0000,imported,2025-10-24,2026-10-24
t8,Q K z c X Y l y E,Q,K z c X Y l y E,t8@gym.local,000-000-0000,imported,2025-10-24,2026-10-24
onS5Rf,r n z t Y m,r,n z t Y m,onS5Rf@gym.local,000-000-0000,imported,2025-10-24,2026-10-24
_H,d d G y k B d sq n r,d,d G y k B d sq n r,_H@gym.local,000-000-0000,imported,2025-10-24,2026-10-24
n5,Os,Os,User,n5@gym.local,000-000-0000,imported,2025-10-24,2026-10-24
oJ,CV Fo,CV,Fo,oJ@gym.local,000-000-0000,imported,2025-10-24,2026-10-24
Mk,y e z,y,e z,Mk@gym.local,000-000-0000,imported,2025-10-24,2026-10-24
wn,h wk P RU e c cU VU C,h,wk P RU e c cU VU C,wn@gym.local,000-000-0000,imported,2025-10-24,2026-10-24
0v0,P C v U,P,C v U,0v0@gym.local,000-000-0000,imported,2025-10-24,2026-10-24
Grr,Py G b x,Py,G b x,Grr@gym.local,000-000-0000,imported,2025-10-24,2026-10-24
Kg,cy kh UFoM,cy,kh UFoM,Kg@gym.local,000-000-0000,imported,2025-10-24,2026-10-24
TF,q O W T,q,O W T,TF@gym.local,000-000-0000,imported,2025-10-24,2026-10-24
gA,l Bu O P yPM v,l,Bu O P yPM v,gA@gym.local,000-000-0000,imported,2025-10-24,2026-10-24
Fi,U yZ K W ni K,U,yZ K W ni K,Fi@gym.local,000-000-0000,imported,2025-10-24,2026-10-24
YG,b n f d O w,b,n f d O w,YG@gym.local,000-000-0000,imported,2025-10-24,2026-10-24
43,f l y y f h rP xE B L D w,f,l y y f h rP xE B L D w,43@gym.local,000-000-0000,imported,2025-10-24,2026-10-24
eG,b W g r l s,b,W g r l s,eG@gym.local,000-000-0000,imported,2025-10-24,2026-10-24
bK,ml,ml,User,bK@gym.local,000-000-0000,imported,2025-10-24,2026-10-24
5W,o jh vB h C AC,o,jh vB h C AC,5W@gym.local,000-000-0000,imported,2025-10-24,2026-10-24
iTC,M ZE J h Jo C i B i E Z u,M,ZE J h Jo C i B i E Z u,iTC@gym.local,000-000-0000,imported,2025-10-24,2026-10-24
kh,O V fA oWHW TCWA i C i h,O,V fA oWHW TCWA i C i h,kh@gym.local,000-000-0000,imported,2025-10-24,2026-10-24
u4,j k ZMM R R j B O j ZM,j,k ZMM R R j B O j ZM,u4@gym.local,000-000-0000,imported,2025-10-24,2026-10-24
ZHc,Dc ZMC ZH,Dc,ZMC ZH,ZHc@gym.local,000-000-0000,imported,2025-10-24,2026-10-24
h5,bhH Ba KA,bhH,Ba KA,h5@gym.local,000-000-0000,imported,2025-10-24,2026-10-24
Wx,t r qos W g pg t q,t,r qos W g pg t q,Wx@gym.local,000-000-0000,imported,2025-10-24,2026-10-24
qv,B v,B,v,qv@gym.local,000-000-0000,imported,2025-10-24,2026-10-24
47,y O V F d u,y,O V F d u,47@gym.local,000-000-0000,imported,2025-10-24,2026-10-24
_C,Y i G v G l,Y,i G v G l,_C@gym.local,000-000-0000,imported,2025-10-24,2026-10-24
6F,G c ATF,G,c ATF,6F@gym.local,000-000-0000,imported,2025-10-24,2026-10-24
R6,l c J P R G Q L,l,c J P R G Q L,R6@gym.local,000-000-0000,imported,2025-10-24,2026-10-24
G1,E J Q l l R b c,E,J Q l l R b c,G1@gym.local,000-000-0000,imported,2025-10-24,2026-10-24
A_666,q G Ut ZH D PG,q,G Ut ZH D PG,A_666@gym.local,000-000-0000,imported,2025-10-24,2026-10-24
qhH,O V t WC t ZE tJ,O,V t WC t ZE tJ,qhH@gym.local,000-000-0000,imported,2025-10-24,2026-10-24
l_c_b,u y v k v m g,u,y v k v m g,l_c_b@gym.local,000-000-0000,imported,2025-10-24,2026-10-24
fZ,l i h,l,i h,fZ@gym.local,000-000-0000,imported,2025-10-24,2026-10-24
aU,NDx NDxX l C,NDx,NDxX l C,aU@gym.local,000-000-0000,imported,2025-10-24,2026-10-24
P6F,ec ac,ec,ac,P6F@gym.local,000-000-0000,imported,2025-10-24,2026-10-24
Dx,GC,GC,User,Dx@gym.local,000-000-0000,imported,2025-10-24,2026-10-24
Al,x bc y l XW v,x,bc y l XW v,Al@gym.local,000-000-0000,imported,2025-10-24,2026-10-24
1ja9,V f V V V a V Q u J,V,f V V V a V Q u J,1ja9@gym.local,000-000-0000,imported,2025-10-24,2026-10-24
Mp,x x C,x,x C,Mp@gym.local,000-000-0000,imported,2025-10-24,2026-10-24
nn,a m x W,a,m x W,nn@gym.local,000-000-0000,imported,2025-10-24,2026-10-24
gc,y l G b,y,l G b,gc@gym.local,000-000-0000,imported,2025-10-24,2026-10-24
ql,cc x G U l ec c,cc,x G U l ec c,ql@gym.local,000-000-0000,imported,2025-10-24,2026-10-24
1l,X D g ac x c,X,D g ac x c,1l@gym.local,000-000-0000,imported,2025-10-24,2026-10-24
fc,l G Ql k Ql bc x bc Ql,l,G Ql k Ql bc x bc Ql,fc@gym.local,000-000-0000,imported,2025-10-24,2026-10-24
dc,F E l F,F,E l F,dc@gym.local,000-000-0000,imported,2025-10-24,2026-10-24
p6F,h o u,h,o u,p6F@gym.local,000-000-0000,imported,2025-10-24,2026-10-24
79,M M B l r,M,M B l r,79@gym.local,000-000-0000,imported,2025-10-24,2026-10-24
F6F,Andc,Andc,User,F6F@gym.local,000-000-0000,imported,2025-10-24,2026-10-24
z6F,r A gc A gc UL,r,A gc A gc UL,z6F@gym.local,000-000-0000,imported,2025-10-24,2026-10-24
ul,ul ec,ul,ec,ul@gym.local,000-000-0000,imported,2025-10-24,2026-10-24
ec,A Z B p l,A,Z B p l,ec@gym.local,000-000-0000,imported,2025-10-24,2026-10-24
f6F,l k lfc lfc lfc f B,l,k lfc lfc lfc f B,f6F@gym.local,000-000-0000,imported,2025-10-24,2026-10-24
ns,O p N M mvk r,O,p N M mvk r,ns@gym.local,000-000-0000,imported,2025-10-24,2026-10-24
fl,o C w v,o,C w v,fl@gym.local,000-000-0000,imported,2025-10-24,2026-10-24
7_,e O b t p V nZL,e,O b t p V nZL,7_@gym.local,000-000-0000,imported,2025-10-24,2026-10-24
BG,m n D T F Ev W l,m,n D T F Ev W l,BG@gym.local,000-000-0000,imported,2025-10-24,2026-10-24
DPS,K D D W p r J R,K,D D W p r J R,DPS@gym.local,000-000-0000,imported,2025-10-24,2026-10-24
KH40,Nd Z g Jd F p T p,Nd,Z g Jd F p T p,KH40@gym.local,000-000-0000,imported,2025-10-24,2026-10-24
O6,H E cDF p,H,E cDF p,O6@gym.local,000-000-0000,imported,2025-10-24,2026-10-24
Q8Xd,B Q AT,B,Q AT,Q8Xd@gym.local,000-000-0000,imported,2025-10-24,2026-10-24
Ns,o g y y y g i V,o,g y y y g i V,Ns@gym.local,000-000-0000,imported,2025-10-24,2026-10-24
po,gA ui,gA,ui,po@gym.local,000-000-0000,imported,2025-10-24,2026-10-24
Cxm,K B ClAx b x ud,K,B ClAx b x ud,Cxm@gym.local,000-000-0000,imported,2025-10-24,2026-10-24
X1,b V Qm qM Q ck Z,b,V Qm qM Q ck Z,X1@gym.local,000-000-0000,imported,2025-10-24,2026-10-24
nrg,E W,E,W,nrg@gym.local,000-000-0000,imported,2025-10-24,2026-10-24
l_iKl,h w,h,w,l_iKl@gym.local,000-000-0000,imported,2025-10-24,2026-10-24
Ya,f JS c,f,JS c,Ya@gym.local,000-000-0000,imported,2025-10-24,2026-10-24
kS,N c q wl I bRv Y wj,N,c q wl I bRv Y wj,kS@gym.local,000-000-0000,imported,2025-10-24,2026-10-24
gx,B Q R Blbx D B,B,Q R Blbx D B,gx@gym.local,000-000-0000,imported,2025-10-24,2026-10-24
X10,ry cE,ry,cE,X10@gym.local,000-000-0000,imported,2025-10-24,2026-10-24
5K,O x g r wxl C wx,O,x g r wxl C wx,5K@gym.local,000-000-0000,imported,2025-10-24,2026-10-24
dp,n P H P H R N,n,P H P H R N,dp@gym.local,000-000-0000,imported,2025-10-24,2026-10-24
bN,M c X Q,M,c X Q,bN@gym.local,000-000-0000,imported,2025-10-24,2026-10-24
wx,h C V Y Q,h,C V Y Q,wx@gym.local,000-000-0000,imported,2025-10-24,2026-10-24
Yl,f rC p p u p p,f,rC p p u p p,Yl@gym.local,000-000-0000,imported,2025-10-24,2026-10-24
Va,y F j LR,y,F j LR,Va@gym.local,000-000-0000,imported,2025-10-24,2026-10-24
0J,P D j j i,P,D j j i,0J@gym.local,000-000-0000,imported,2025-10-24,2026-10-24
Pb,La d WX J S NA V,La,d WX J S NA V,Pb@gym.local,000-000-0000,imported,2025-10-24,2026-10-24
FJ8,P m m m b,P,m m m b,FJ8@gym.local,000-000-0000,imported,2025-10-24,2026-10-24
uA,m F d lVhR R Va d V R U,m,F d lVhR R Va d V R U,uA@gym.local,000-000-0000,imported,2025-10-24,2026-10-24
oQr,R G P B d d B d k,R,G P B d d B d k,oQr@gym.local,000-000-0000,imported,2025-10-24,2026-10-24
GA,UJ,UJ,User,GA@gym.local,000-000-0000,imported,2025-10-24,2026-10-24
yJ,V s pTAz J OAz G UAz Ka,V,s pTAz J OAz G UAz Ka,yJ@gym.local,000-000-0000,imported,2025-10-24,2026-10-24
ORb,RE,RE,User,ORb@gym.local,000-000-0000,imported,2025-10-24,2026-10-24
pRA,k E y d J,k,E y d J,pRA@gym.local,000-000-0000,imported,2025-10-24,2026-10-24
Wa,G d KA kJ P,G,d KA kJ P,Wa@gym.local,000-000-0000,imported,2025-10-24,2026-10-24
0Ea,Pr,Pr,User,0Ea@gym.local,000-000-0000,imported,2025-10-24,2026-10-24
Qa,C R Y k Qj Z,C,R Y k Qj Z,Qa@gym.local,000-000-0000,imported,2025-10-24,2026-10-24
RK,d j U B f p,d,j U B f p,RK@gym.local,000-000-0000,imported,2025-10-24,2026-10-24
RJ,k d U R R bJ,k,d U R R bJ,RJ@gym.local,000-000-0000,imported,2025-10-24,2026-10-24
LoJ,Q z C T gzQj P Qj,Q,z C T gzQj P Qj,LoJ@gym.local,000-000-0000,imported,2025-10-24,2026-10-24
Sb,R T B s M s Y j,R,T B s M s Y j,Sb@gym.local,000-000-0000,imported,2025-10-24,2026-10-24
NA,d j Qw x T,d,j Qw x T,NA@gym.local,000-000-0000,imported,2025-10-24,2026-10-24
pD,i S T a Cr Z Sz p,i,S T a Cr Z Sz p,pD@gym.local,000-000-0000,imported,2025-10-24,2026-10-24
t_,U P B e n P,U,P B e n P,t_@gym.local,000-000-0000,imported,2025-10-24,2026-10-24
pNA,k V Q,k,V Q,pNA@gym.local,000-000-0000,imported,2025-10-24,2026-10-24
YJ,K Q d Q d Q P,K,Q d Q d Q P,YJ@gym.local,000-000-0000,imported,2025-10-24,2026-10-24
RA,Da,Da,User,RA@gym.local,000-000-0000,imported,2025-10-24,2026-10-24
Rz,H O T D vS Va V R,H,O T D vS Va V R,Rz@gym.local,000-000-0000,imported,2025-10-24,2026-10-24
Hv_F,F r Pf Ba d E Y DA B,F,r Pf Ba d E Y DA B,Hv_F@gym.local,000-000-0000,imported,2025-10-24,2026-10-24
Pf,l k L k U,l,k L k U,Pf@gym.local,000-000-0000,imported,2025-10-24,2026-10-24
BAz_7e,S W L B U Lo,S,W L B U Lo,BAz_7e@gym.local,000-000-0000,imported,2025-10-24,2026-10-24
Sv,P B X B d mRhT u,P,B X B d mRhT u,Sv@gym.local,000-000-0000,imported,2025-10-24,2026-10-24
7R,e J o l G d o,e,J o l G d o,7R@gym.local,000-000-0000,imported,2025-10-24,2026-10-24
LA,P U u,P,U u,LA@gym.local,000-000-0000,imported,2025-10-24,2026-10-24
PO,V z Q NA d K pAA E,V,z Q NA d K pAA E,PO@gym.local,000-000-0000,imported,2025-10-24,2026-10-24
R8,e V c G l B d e S Z,e,V c G l B d e S Z,R8@gym.local,000-000-0000,imported,2025-10-24,2026-10-24
ORv,Ua Sv F z u,Ua,Sv F z u,ORv@gym.local,000-000-0000,imported,2025-10-24,2026-10-24
w7e,Pv u Y V JAz,Pv,u Y V JAz,w7e@gym.local,000-000-0000,imported,2025-10-24,2026-10-24
iVhR,S iP W U S P g,S,iP W U S P g,iVhR@gym.local,000-000-0000,imported,2025-10-24,2026-10-24
0DAz,X W m g B oRO B o,X,W m g B oRO B o,0DAz@gym.local,000-000-0000,imported,2025-10-24,2026-10-24
eo3o,Z f a m t o,Z,f a m t o,eo3o@gym.local,000-000-0000,imported,2025-10-24,2026-10-24
uP,DO tP Ks,DO,tP Ks,uP@gym.local,000-000-0000,imported,2025-10-24,2026-10-24
OL,o d e Rs l y W,o,d e Rs l y W,OL@gym.local,000-000-0000,imported,2025-10-24,2026-10-24
8r,C qW h n,C,qW h n,8r@gym.local,000-000-0000,imported,2025-10-24,2026-10-24
Z4,G n X S u u,G,n X S u u,Z4@gym.local,000-000-0000,imported,2025-10-24,2026-10-24
Mv,N i i Y m,N,i i Y m,Mv@gym.local,000-000-0000,imported,2025-10-24,2026-10-24
hu,t o k I o ev y,t,o k I o ev y,hu@gym.local,000-000-0000,imported,2025-10-24,2026-10-24
O9,y W s Sc z C C op z,y,W s Sc z C C op z,O9@gym.local,000-000-0000,imported,2025-10-24,2026-10-24
sZh,s k Q U X,s,k Q U X,sZh@gym.local,000-000-0000,imported,2025-10-24,2026-10-24
7i,s X bin k,s,X bin k,7i@gym.local,000-000-0000,imported,2025-10-24,2026-10-24
UL,g T b y UEnE r,g,T b y UEnE r,UL@gym.local,000-000-0000,imported,2025-10-24,2026-10-24
kEInE,V V V V Z o,V,V V V Z o,kEInE@gym.local,000-000-0000,imported,2025-10-24,2026-10-24
nE_,Jcg wnEo VD ZQ,Jcg,wnEo VD ZQ,nE_@gym.local,000-000-0000,imported,2025-10-24,2026-10-24
nN,u m Z N t w N,u,m Z N t w N,nN@gym.local,000-000-0000,imported,2025-10-24,2026-10-24
yW,p C l y,p,C l y,yW@gym.local,000-000-0000,imported,2025-10-24,2026-10-24
lw,k k o k W,k,k o k W,lw@gym.local,000-000-0000,imported,2025-10-24,2026-10-24
sbSSgcnI,sICnI,sICnI,User,sbSSgcnI@gym.local,000-000-0000,imported,2025-10-24,2026-10-24
oX,c k h S J g l m d,c,k h S J g l m d,oX@gym.local,000-000-0000,imported,2025-10-24,2026-10-24
K4h,j U y mC q D u hN S k rk,j,U y mC q D u hN S k rk,K4h@gym.local,000-000-0000,imported,2025-10-24,2026-10-24
fBn,lJT,lJT,User,fBn@gym.local,000-000-0000,imported,2025-10-24,2026-10-24
dF,l y R e clF q,l,y R e clF q,dF@gym.local,000-000-0000,imported,2025-10-24,2026-10-24
IKJrHN,w s J,w,s J,IKJrHN@gym.local,000-000-0000,imported,2025-10-24,2026-10-24
DVMvX,k C d JCl,k,C d JCl,DVMvX@gym.local,000-000-0000,imported,2025-10-24,2026-10-24
KC,z R b Y Q O U K,z,R b Y Q O U K,KC@gym.local,000-000-0000,imported,2025-10-24,2026-10-24
L5,s d MJ,s,d MJ,L5@gym.local,000-000-0000,imported,2025-10-24,2026-10-24
eX,f f iV y N N s Xb v s,f,f iV y N N s Xb v s,eX@gym.local,000-000-0000,imported,2025-10-24,2026-10-24
ce,TY GG h bO X,TY,GG h bO X,ce@gym.local,000-000-0000,imported,2025-10-24,2026-10-24
M7,G cW F a J V Q,G,cW F a J V Q,M7@gym.local,000-000-0000,imported,2025-10-24,2026-10-24
NZ,v zX J Hr C,v,zX J Hr C,NZ@gym.local,000-000-0000,imported,2025-10-24,2026-10-24
Iz,z C cr Q,z,C cr Q,Iz@gym.local,000-000-0000,imported,2025-10-24,2026-10-24
FFF,z M G X R,z,M G X R,FFF@gym.local,000-000-0000,imported,2025-10-24,2026-10-24
HQ,TH S k mH O,TH,S k mH O,HQ@gym.local,000-000-0000,imported,2025-10-24,2026-10-24
EI,Z W,Z,W,EI@gym.local,000-000-0000,imported,2025-10-24,2026-10-24
GB,e csp A,e,csp A,GB@gym.local,000-000-0000,imported,2025-10-24,2026-10-24
e_,G x c EJ u KxD H r Y,G,x c EJ u KxD H r Y,e_@gym.local,000-000-0000,imported,2025-10-24,2026-10-24
Eo,XX,XX,User,Eo@gym.local,000-000-0000,imported,2025-10-24,2026-10-24
Kr,C n a K,C,n a K,Kr@gym.local,000-000-0000,imported,2025-10-24,2026-10-24
gw,o Y O U w,o,Y O U w,gw@gym.local,000-000-0000,imported,2025-10-24,2026-10-24
mrY,K J c j d t H a L B y,K,J c j d t H a L B y,mrY@gym.local,000-000-0000,imported,2025-10-24,2026-10-24
_Xf,d G Q c x x I Q W,d,G Q c x x I Q W,_Xf@gym.local,000-000-0000,imported,2025-10-24,2026-10-24
iN,o a cy CV bN,o,a cy CV bN,iN@gym.local,000-000-0000,imported,2025-10-24,2026-10-24
WQ,R L Z B,R,L Z B,WQ@gym.local,000-000-0000,imported,2025-10-24,2026-10-24
qP,v R Hi KE R tS rLa,v,R Hi KE R tS rLa,qP@gym.local,000-000-0000,imported,2025-10-24,2026-10-24
dio,M diO d H F sI n,M,diO d H F sI n,dio@gym.local,000-000-0000,imported,2025-10-24,2026-10-24
09,i L OD U N i I,i,L OD U N i I,09@gym.local,000-000-0000,imported,2025-10-24,2026-10-24
Fh,x e,x,e,Fh@gym.local,000-000-0000,imported,2025-10-24,2026-10-24
Et4,Y c H AQ l,Y,c H AQ l,Et4@gym.local,000-000-0000,imported,2025-10-24,2026-10-24
rI,U d V p J t h C v aAL,U,d V p J t h C v aAL,rI@gym.local,000-000-0000,imported,2025-10-24,2026-10-24
22,eV,eV,User,22@gym.local,000-000-0000,imported,2025-10-24,2026-10-24
MU,l U N j X tX w X a b L,l,U N j X tX w X a b L,MU@gym.local,000-000-0000,imported,2025-10-24,2026-10-24
IS,IS JP,IS,JP,IS@gym.local,000-000-0000,imported,2025-10-24,2026-10-24
i1,Y e O o f e C O,Y,e O o f e C O,i1@gym.local,000-000-0000,imported,2025-10-24,2026-10-24
vX,v V u c a,v,V u c a,vX@gym.local,000-000-0000,imported,2025-10-24,2026-10-24
rL,W J m h Id f,W,J m h Id f,rL@gym.local,000-000-0000,imported,2025-10-24,2026-10-24
w9,A G k t l x,A,G k t l x,w9@gym.local,000-000-0000,imported,2025-10-24,2026-10-24
Of,p Y L ii C,p,Y L ii C,Of@gym.local,000-000-0000,imported,2025-10-24,2026-10-24
Equ,g p V c L,g,p V c L,Equ@gym.local,000-000-0000,imported,2025-10-24,2026-10-24
f8,W w i x V UE u,W,w i x V UE u,f8@gym.local,000-000-0000,imported,2025-10-24,2026-10-24
vK,S GS Ld Cs r A,S,GS Ld Cs r A,vK@gym.local,000-000-0000,imported,2025-10-24,2026-10-24
Qu,l vQ D J N zI Z,l,vQ D J N zI Z,Qu@gym.local,000-000-0000,imported,2025-10-24,2026-10-24
lh,E kL j F Ol W B,E,kL j F Ol W B,lh@gym.local,000-000-0000,imported,2025-10-24,2026-10-24
a4,ovEJ gx,ovEJ,gx,a4@gym.local,000-000-0000,imported,2025-10-24,2026-10-24
Xu,A u t R Y P Z Pk,A,u t R Y P Z Pk,Xu@gym.local,000-000-0000,imported,2025-10-24,2026-10-24
cW0,u Y Y u Z V W,u,Y Y u Z V W,cW0@gym.local,000-000-0000,imported,2025-10-24,2026-10-24
zB,g o e u A T E u B,g,o e u A T E u B,zB@gym.local,000-000-0000,imported,2025-10-24,2026-10-24
yX,K o V y n Q,K,o V y n Q,yX@gym.local,000-000-0000,imported,2025-10-24,2026-10-24
CY,b o TU e j i,b,o TU e j i,CY@gym.local,000-000-0000,imported,2025-10-24,2026-10-24
FM,a V i E u Z,a,V i E u Z,FM@gym.local,000-000-0000,imported,2025-10-24,2026-10-24
6L,g v S i,g,v S i,6L@gym.local,000-000-0000,imported,2025-10-24,2026-10-24
le,W J i L O x N,W,J i L O x N,le@gym.local,000-000-0000,imported,2025-10-24,2026-10-24
TX96,t q n Y w p r B,t,q n Y w p r B,TX96@gym.local,000-000-0000,imported,2025-10-24,2026-10-24
Lw,n Q F Hg i r j E,n,Q F Hg i r j E,Lw@gym.local,000-000-0000,imported,2025-10-24,2026-10-24
3n,u p U Q j t o P S P,u,p U Q j t o P S P,3n@gym.local,000-000-0000,imported,2025-10-24,2026-10-24
sjv,J s V j TM B,J,s V j TM B,sjv@gym.local,000-000-0000,imported,2025-10-24,2026-10-24
Wt,TY,TY,User,Wt@gym.local,000-000-0000,imported,2025-10-24,2026-10-24
WmT,w Z X a g mY j,w,Z X a g mY j,WmT@gym.local,000-000-0000,imported,2025-10-24,2026-10-24
YS,kb cO,kb,cO,YS@gym.local,000-000-0000,imported,2025-10-24,2026-10-24
93,D q g sHG y X X,D,q g sHG y X X,93@gym.local,000-000-0000,imported,2025-10-24,2026-10-24
BR,p q e D,p,q e D,BR@gym.local,000-000-0000,imported,2025-10-24,2026-10-24
RfnK,P B v J,P,B v J,RfnK@gym.local,000-000-0000,imported,2025-10-24,2026-10-24
b9,E B X w I i m C,E,B X w I i m C,b9@gym.local,000-000-0000,imported,2025-10-24,2026-10-24
Pk,P y m Bvk j l v i,P,y m Bvk j l v i,Pk@gym.local,000-000-0000,imported,2025-10-24,2026-10-24
bg,L v s,L,v s,bg@gym.local,000-000-0000,imported,2025-10-24,2026-10-24
LK,c d u,c,d u,LK@gym.local,000-000-0000,imported,2025-10-24,2026-10-24
FLvW,N N S,N,N S,FLvW@gym.local,000-000-0000,imported,2025-10-24,2026-10-24
8Eos,T z o S l M M,T,z o S l M M,8Eos@gym.local,000-000-0000,imported,2025-10-24,2026-10-24
VoI,m o V H H c,m,o V H H c,VoI@gym.local,000-000-0000,imported,2025-10-24,2026-10-24
28,C ad KHw HjA,C,ad KHw HjA,28@gym.local,000-000-0000,imported,2025-10-24,2026-10-24
ke,h V U o o l Tg,h,V U o o l Tg,ke@gym.local,000-000-0000,imported,2025-10-24,2026-10-24
AgC,yqDL yZ,yqDL,yZ,AgC@gym.local,000-000-0000,imported,2025-10-24,2026-10-24
88,O h r K A gI,O,h r K A gI,88@gym.local,000-000-0000,imported,2025-10-24,2026-10-24
cwz8,a n p K n Z B Cq nS v f,a,n p K n Z B Cq nS v f,cwz8@gym.local,000-000-0000,imported,2025-10-24,2026-10-24
33M,fb,fb,User,33M@gym.local,000-000-0000,imported,2025-10-24,2026-10-24
IMZ5,d N Q V M e PL y a o,d,N Q V M e PL y a o,IMZ5@gym.local,000-000-0000,imported,2025-10-24,2026-10-24
ORO5,j t j q v J,j,t j q v J,ORO5@gym.local,000-000-0000,imported,2025-10-24,2026-10-24
I6,lr cp Fg,lr,cp Fg,I6@gym.local,000-000-0000,imported,2025-10-24,2026-10-24
QJ,Q m H vWx V K,Q,m H vWx V K,QJ@gym.local,000-000-0000,imported,2025-10-24,2026-10-24
Se,A j d v Gm fQ dt GK,A,j d v Gm fQ dt GK,Se@gym.local,000-000-0000,imported,2025-10-24,2026-10-24
bm,L o Y R B n S,L,o Y R B n S,bm@gym.local,000-000-0000,imported,2025-10-24,2026-10-24
XU,j aH wjR o F,j,aH wjR o F,XU@gym.local,000-000-0000,imported,2025-10-24,2026-10-24
rv,jR cq ZU,jR,cq ZU,rv@gym.local,000-000-0000,imported,2025-10-24,2026-10-24
Ai,p W X nhk x,p,W X nhk x,Ai@gym.local,000-000-0000,imported,2025-10-24,2026-10-24
nk,w jm j uW p U,w,jm j uW p U,nk@gym.local,000-000-0000,imported,2025-10-24,2026-10-24
vT,k I A v a,k,I A v a,vT@gym.local,000-000-0000,imported,2025-10-24,2026-10-24
58,a S B D a X,a,S B D a X,58@gym.local,000-000-0000,imported,2025-10-24,2026-10-24
QQ,Q F T K Y Y,Q,F T K Y Y,QQ@gym.local,000-000-0000,imported,2025-10-24,2026-10-24
PFa,R y NP,R,y NP,PFa@gym.local,000-000-0000,imported,2025-10-24,2026-10-24
dsFx,G w X E u y y,G,w X E u y y,dsFx@gym.local,000-000-0000,imported,2025-10-24,2026-10-24
dD,y k B l D,y,k B l D,dD@gym.local,000-000-0000,imported,2025-10-24,2026-10-24
QL,a o l a c andf X J p,a,o l a c andf X J p,QL@gym.local,000-000-0000,imported,2025-10-24,2026-10-24
j5,lx VTo Ga,lx,VTo Ga,j5@gym.local,000-000-0000,imported,2025-10-24,2026-10-24
Io,Lq FE,Lq,FE,Io@gym.local,000-000-0000,imported,2025-10-24,2026-10-24
uwLY,X Z LX,X,Z LX,uwLY@gym.local,000-000-0000,imported,2025-10-24,2026-10-24
bf,Mb,Mb,User,bf@gym.local,000-000-0000,imported,2025-10-24,2026-10-24
uF,F I Y gt,F,I Y gt,uF@gym.local,000-000-0000,imported,2025-10-24,2026-10-24
xk,k b p,k,b p,xk@gym.local,000-000-0000,imported,2025-10-24,2026-10-24
KJ,t J J h D r bG M,t,J J h D r bG M,KJ@gym.local,000-000-0000,imported,2025-10-24,2026-10-24
c0,k x I K O J Z,k,x I K O J Z,c0@gym.local,000-000-0000,imported,2025-10-24,2026-10-24
Z0,m H v O,m,H v O,Z0@gym.local,000-000-0000,imported,2025-10-24,2026-10-24
lZ,S Q gkU f t,S,Q gkU f t,lZ@gym.local,000-000-0000,imported,2025-10-24,2026-10-24
xq,y O,y,O,xq@gym.local,000-000-0000,imported,2025-10-24,2026-10-24
AOe,S t O x J W M U,S,t O x J W M U,AOe@gym.local,000-000-0000,imported,2025-10-24,2026-10-24
3O,G WP X o,G,WP X o,3O@gym.local,000-000-0000,imported,2025-10-24,2026-10-24
iaqa,jq N L,jq,N L,iaqa@gym.local,000-000-0000,imported,2025-10-24,2026-10-24
3Y,N w R w K c I td,N,w R w K c I td,3Y@gym.local,000-000-0000,imported,2025-10-24,2026-10-24
iiI,X E i j m M C t Wy,X,E i j m M C t Wy,iiI@gym.local,000-000-0000,imported,2025-10-24,2026-10-24
Ee,Dw,Dw,User,Ee@gym.local,000-000-0000,imported,2025-10-24,2026-10-24
uBd,v N u N,v,N u N,uBd@gym.local,000-000-0000,imported,2025-10-24,2026-10-24
ami,Nw,Nw,User,ami@gym.local,000-000-0000,imported,2025-10-24,2026-10-24
dH,m K v v N H,m,K v v N H,dH@gym.local,000-000-0000,imported,2025-10-24,2026-10-24
zK,yd Zj,yd,Zj,zK@gym.local,000-000-0000,imported,2025-10-24,2026-10-24
dd,j R O u p n IZ,j,R O u p n IZ,dd@gym.local,000-000-0000,imported,2025-10-24,2026-10-24
TT,y f eT Z C uP fU E z P b pT,y,f eT Z C uP fU E z P b pT,TT@gym.local,000-000-0000,imported,2025-10-24,2026-10-24
HG,R O V bSV Ga R O f,R,O V bSV Ga R O f,HG@gym.local,000-000-0000,imported,2025-10-24,2026-10-24
ta,w a m cE n j R lu a D,w,a m cE n j R lu a D,ta@gym.local,000-000-0000,imported,2025-10-24,2026-10-24
2O,g C Z W Yp OA,g,C Z W Yp OA,2O@gym.local,000-000-0000,imported,2025-10-24,2026-10-24
2P,Z c s F FY g S c C w,Z,c s F FY g S c C w,2P@gym.local,000-000-0000,imported,2025-10-24,2026-10-24
jCM,e H u E,e,H u E,jCM@gym.local,000-000-0000,imported,2025-10-24,2026-10-24
oD,Y K C f v x,Y,K C f v x,oD@gym.local,000-000-0000,imported,2025-10-24,2026-10-24
UB,s x j d yGE,s,x j d yGE,UB@gym.local,000-000-0000,imported,2025-10-24,2026-10-24
l_vfY,W v P tE al Kbb vM c Xi,W,v P tE al Kbb vM c Xi,l_vfY@gym.local,000-000-0000,imported,2025-10-24,2026-10-24
Y11,HH MO,HH,MO,Y11@gym.local,000-000-0000,imported,2025-10-24,2026-10-24
vq,w f s L c c ON,w,f s L c c ON,vq@gym.local,000-000-0000,imported,2025-10-24,2026-10-24
dR,Znx,Znx,User,dR@gym.local,000-000-0000,imported,2025-10-24,2026-10-24
PAB,jV,jV,User,PAB@gym.local,000-000-0000,imported,2025-10-24,2026-10-24
0y,n o O a,n,o O a,0y@gym.local,000-000-0000,imported,2025-10-24,2026-10-24
Vr,B R Je c z,B,R Je c z,Vr@gym.local,000-000-0000,imported,2025-10-24,2026-10-24
og,B N U B k,B,N U B k,og@gym.local,000-000-0000,imported,2025-10-24,2026-10-24
0Te,k G x J,k,G x J,0Te@gym.local,000-000-0000,imported,2025-10-24,2026-10-24
pb,g X s D Ao S o E a U,g,X s D Ao S o E a U,pb@gym.local,000-000-0000,imported,2025-10-24,2026-10-24
o0gk,l K k E,l,K k E,o0gk@gym.local,000-000-0000,imported,2025-10-24,2026-10-24
vb,k k GM k X o,k,k GM k X o,vb@gym.local,000-000-0000,imported,2025-10-24,2026-10-24
fX,U G U rai,U,G U rai,fX@gym.local,000-000-0000,imported,2025-10-24,2026-10-24
b3Y,g p p X I C,g,p p X I C,b3Y@gym.local,000-000-0000,imported,2025-10-24,2026-10-24
oE,BC N ci M,BC,N ci M,oE@gym.local,000-000-0000,imported,2025-10-24,2026-10-24
J1,q r ci f F CY e f D,q,r ci f F CY e f D,J1@gym.local,000-000-0000,imported,2025-10-24,2026-10-24
IT,LO,LO,User,IT@gym.local,000-000-0000,imported,2025-10-24,2026-10-24
Lx,N Z R HSp,N,Z R HSp,Lx@gym.local,000-000-0000,imported,2025-10-24,2026-10-24
UqU,i E W o Y f e,i,E W o Y f e,UqU@gym.local,000-000-0000,imported,2025-10-24,2026-10-24
H9,U U KGE g o,U,U KGE g o,H9@gym.local,000-000-0000,imported,2025-10-24,2026-10-24
MF,o Qz V b W D Rd C,o,Qz V b W D Rd C,MF@gym.local,000-000-0000,imported,2025-10-24,2026-10-24
nH0V,R X v,R,X v,nH0V@gym.local,000-000-0000,imported,2025-10-24,2026-10-24
eU,K k an,K,k an,eU@gym.local,000-000-0000,imported,2025-10-24,2026-10-24
cq,N A C f mL p a BM iB t f,N,A C f mL p a BM iB t f,cq@gym.local,000-000-0000,imported,2025-10-24,2026-10-24
zc,j j m f t m u,j,j m f t m u,zc@gym.local,000-000-0000,imported,2025-10-24,2026-10-24
gn,O b m S V Jh,O,b m S V Jh,gn@gym.local,000-000-0000,imported,2025-10-24,2026-10-24
7H,w z W R z e J W,w,z W R z e J W,7H@gym.local,000-000-0000,imported,2025-10-24,2026-10-24
B9,A k vp P W E,A,k vp P W E,B9@gym.local,000-000-0000,imported,2025-10-24,2026-10-24
Bi,n W W Y b B Nv nH,n,W W Y b B Nv nH,Bi@gym.local,000-000-0000,imported,2025-10-24,2026-10-24
69,S o U I i,S,o U I i,69@gym.local,000-000-0000,imported,2025-10-24,2026-10-24
K0,X M a A X c k c T a b,X,M a A X c k c T a b,K0@gym.local,000-000-0000,imported,2025-10-24,2026-10-24
fEy,D l,D,l,fEy@gym.local,000-000-0000,imported,2025-10-24,2026-10-24
mKjJ,S n C I U m,S,n C I U m,mKjJ@gym.local,000-000-0000,imported,2025-10-24,2026-10-24
BA,y p k a O dHDj o y,y,p k a O dHDj o y,BA@gym.local,000-000-0000,imported,2025-10-24,2026-10-24
MW,m T u C,m,T u C,MW@gym.local,000-000-0000,imported,2025-10-24,2026-10-24
lkN,b x h W F S H,b,x h W F S H,lkN@gym.local,000-000-0000,imported,2025-10-24,2026-10-24
xg,TA,TA,User,xg@gym.local,000-000-0000,imported,2025-10-24,2026-10-24
51,lG,lG,User,51@gym.local,000-000-0000,imported,2025-10-24,2026-10-24
yAS,p R M s,p,R M s,yAS@gym.local,000-000-0000,imported,2025-10-24,2026-10-24
na,U y M l eG,U,y M l eG,na@gym.local,000-000-0000,imported,2025-10-24,2026-10-24
AV,i w a,i,w a,AV@gym.local,000-000-0000,imported,2025-10-24,2026-10-24
JnU,Wk Si,Wk,Si,JnU@gym.local,000-000-0000,imported,2025-10-24,2026-10-24
vM,t a w m zP t,t,a w m zP t,vM@gym.local,000-000-0000,imported,2025-10-24,2026-10-24
AD,i N I S G,i,N I S G,AD@gym.local,000-000-0000,imported,2025-10-24,2026-10-24
C9,A D S x h V x,A,D S x h V x,C9@gym.local,000-000-0000,imported,2025-10-24,2026-10-24
Fw,bq Cz,bq,Cz,Fw@gym.local,000-000-0000,imported,2025-10-24,2026-10-24
L3,c b H f hmt r,c,b H f hmt r,L3@gym.local,000-000-0000,imported,2025-10-24,2026-10-24
nU,E X s J w t D N,E,X s J w t D N,nU@gym.local,000-000-0000,imported,2025-10-24,2026-10-24
eLg,z s B y,z,s B y,eLg@gym.local,000-000-0000,imported,2025-10-24,2026-10-24
GU,I Di f,I,Di f,GU@gym.local,000-000-0000,imported,2025-10-24,2026-10-24
ZVIs,g b e p Z q g o,g,b e p Z q g o,ZVIs@gym.local,000-000-0000,imported,2025-10-24,2026-10-24
de,AP Cm,AP,Cm,de@gym.local,000-000-0000,imported,2025-10-24,2026-10-24
Mm9,I t T V r,I,t T V r,Mm9@gym.local,000-000-0000,imported,2025-10-24,2026-10-24
cv,G M A F Lm E,G,M A F Lm E,cv@gym.local,000-000-0000,imported,2025-10-24,2026-10-24
AS,b C v uW e k,b,C v uW e k,AS@gym.local,000-000-0000,imported,2025-10-24,2026-10-24
01,A z O k NAR b b D,A,z O k NAR b b D,01@gym.local,000-000-0000,imported,2025-10-24,2026-10-24
fP,m b N S j u,m,b N S j u,fP@gym.local,000-000-0000,imported,2025-10-24,2026-10-24
1uR,s Ntx T s z S tq,s,Ntx T s z S tq,1uR@gym.local,000-000-0000,imported,2025-10-24,2026-10-24
5S,B g E w g,B,g E w g,5S@gym.local,000-000-0000,imported,2025-10-24,2026-10-24
w0N,z m A o F X M e JV w,z,m A o F X M e JV w,w0N@gym.local,000-000-0000,imported,2025-10-24,2026-10-24
IEU,E i n n,E,i n n,IEU@gym.local,000-000-0000,imported,2025-10-24,2026-10-24
Qx,s m Xd Rl,s,m Xd Rl,Qx@gym.local,000-000-0000,imported,2025-10-24,2026-10-24
jI,L e D V m Z X s keF,L,e D V m Z X s keF,jI@gym.local,000-000-0000,imported,2025-10-24,2026-10-24
9M,c R QDH X RQWp,c,R QDH X RQWp,9M@gym.local,000-000-0000,imported,2025-10-24,2026-10-24
V1,r K j p N hM,r,K j p N hM,V1@gym.local,000-000-0000,imported,2025-10-24,2026-10-24
_YJ,a m,a,m,_YJ@gym.local,000-000-0000,imported,2025-10-24,2026-10-24
7v,r C z J,r,C z J,7v@gym.local,000-000-0000,imported,2025-10-24,2026-10-24
Z6,y q N B U K a SV y U,y,q N B U K a SV y U,Z6@gym.local,000-000-0000,imported,2025-10-24,2026-10-24
1w,j w K N u,j,w K N u,1w@gym.local,000-000-0000,imported,2025-10-24,2026-10-24
Gv,B S d K m,B,S d K m,Gv@gym.local,000-000-0000,imported,2025-10-24,2026-10-24
NW,B M R rA N I,B,M R rA N I,NW@gym.local,000-000-0000,imported,2025-10-24,2026-10-24
ZQ,J L A K p pf X,J,L A K p pf X,ZQ@gym.local,000-000-0000,imported,2025-10-24,2026-10-24
jgU,I U k x,I,U k x,jgU@gym.local,000-000-0000,imported,2025-10-24,2026-10-24
Vm,B K S D W T,B,K S D W T,Vm@gym.local,000-000-0000,imported,2025-10-24,2026-10-24
1Lqw,A e n w HJ,A,e n w HJ,1Lqw@gym.local,000-000-0000,imported,2025-10-24,2026-10-24
1i,n v b I UZj g o c X E,n,v b I UZj g o c X E,1i@gym.local,000-000-0000,imported,2025-10-24,2026-10-24
uX1,x F b d l I J,x,F b d l I J,uX1@gym.local,000-000-0000,imported,2025-10-24,2026-10-24
a5,G D u E d t d f,G,D u E d t d f,a5@gym.local,000-000-0000,imported,2025-10-24,2026-10-24
wEij,f Y O x C,f,Y O x C,wEij@gym.local,000-000-0000,imported,2025-10-24,2026-10-24
kZ,Px kO,Px,kO,kZ@gym.local,000-000-0000,imported,2025-10-24,2026-10-24
4I,d p w G Q F,d,p w G Q F,4I@gym.local,000-000-0000,imported,2025-10-24,2026-10-24
3J,E dv S i y,E,dv S i y,3J@gym.local,000-000-0000,imported,2025-10-24,2026-10-24
Bu,s M Q I x L R,s,M Q I x L R,Bu@gym.local,000-000-0000,imported,2025-10-24,2026-10-24
HF,Cf,Cf,User,HF@gym.local,000-000-0000,imported,2025-10-24,2026-10-24
4M8_,E h Ptk F N V,E,h Ptk F N V,4M8_@gym.local,000-000-0000,imported,2025-10-24,2026-10-24
OJT,R c t I o T,R,c t I o T,OJT@gym.local,000-000-0000,imported,2025-10-24,2026-10-24
Fu,DW,DW,User,Fu@gym.local,000-000-0000,imported,2025-10-24,2026-10-24
jV,s V a o u,s,V a o u,jV@gym.local,000-000-0000,imported,2025-10-24,2026-10-24
9j,p H p A lb,p,H p A lb,9j@gym.local,000-000-0000,imported,2025-10-24,2026-10-24
Ng,S w x k W r,S,w x k W r,Ng@gym.local,000-000-0000,imported,2025-10-24,2026-10-24
wS,C m Rv Q N v,C,m Rv Q N v,wS@gym.local,000-000-0000,imported,2025-10-24,2026-10-24
_A,xm,xm,User,_A@gym.local,000-000-0000,imported,2025-10-24,2026-10-24
jf,f J W i l Y r z q e E gv s x,f,J W i l Y r z q e E gv s x,jf@gym.local,000-000-0000,imported,2025-10-24,2026-10-24
3m,r sn bwr t a mE,r,sn bwr t a mE,3m@gym.local,000-000-0000,imported,2025-10-24,2026-10-24
9t,v M,v,M,9t@gym.local,000-000-0000,imported,2025-10-24,2026-10-24
_W_O,A I w PK c L,A,I w PK c L,_W_O@gym.local,000-000-0000,imported,2025-10-24,2026-10-24
HU,v U m L I v A,v,U m L I v A,HU@gym.local,000-000-0000,imported,2025-10-24,2026-10-24
xu,cJ,cJ,User,xu@gym.local,000-000-0000,imported,2025-10-24,2026-10-24
I2,B l X Z v j Y Dk,B,l X Z v j Y Dk,I2@gym.local,000-000-0000,imported,2025-10-24,2026-10-24
dO,J f L h R K,J,f L h R K,dO@gym.local,000-000-0000,imported,2025-10-24,2026-10-24
FN,x y x,x,y x,FN@gym.local,000-000-0000,imported,2025-10-24,2026-10-24
Dt,Z T N a I l d S A,Z,T N a I l d S A,Dt@gym.local,000-000-0000,imported,2025-10-24,2026-10-24
6R,D s a y uK f Q m o,D,s a y uK f Q m o,6R@gym.local,000-000-0000,imported,2025-10-24,2026-10-24
eV,J A R In vc Ew N,J,A R In vc Ew N,eV@gym.local,000-000-0000,imported,2025-10-24,2026-10-24
2q0,N q Y O K t,N,q Y O K t,2q0@gym.local,000-000-0000,imported,2025-10-24,2026-10-24
AwAt,v J A eS p,v,J A eS p,AwAt@gym.local,000-000-0000,imported,2025-10-24,2026-10-24
tg,v Q h aL,v,Q h aL,tg@gym.local,000-000-0000,imported,2025-10-24,2026-10-24
ow,k N y s L nu ae v,k,N y s L nu ae v,ow@gym.local,000-000-0000,imported,2025-10-24,2026-10-24
io,G v X Q wB q,G,v X Q wB q,io@gym.local,000-000-0000,imported,2025-10-24,2026-10-24
Oo,x t Y F g m Ow,x,t Y F g m Ow,Oo@gym.local,000-000-0000,imported,2025-10-24,2026-10-24
qb,A J J u b,A,J J u b,qb@gym.local,000-000-0000,imported,2025-10-24,2026-10-24
nH,S w I V d t,S,w I V d t,nH@gym.local,000-000-0000,imported,2025-10-24,2026-10-24
nkw,N I I j bd t w V,N,I I j bd t w V,nkw@gym.local,000-000-0000,imported,2025-10-24,2026-10-24
EP,H m C h Bz,H,m C h Bz,EP@gym.local,000-000-0000,imported,2025-10-24,2026-10-24
Hjw,U J X T x h,U,J X T x h,Hjw@gym.local,000-000-0000,imported,2025-10-24,2026-10-24
rE,sg,sg,User,rE@gym.local,000-000-0000,imported,2025-10-24,2026-10-24
iA,o q ky,o,q ky,iA@gym.local,000-000-0000,imported,2025-10-24,2026-10-24
rx,yA,yA,User,rx@gym.local,000-000-0000,imported,2025-10-24,2026-10-24
vN,H p y O Y y W H Y t,H,p y O Y y W H Y t,vN@gym.local,000-000-0000,imported,2025-10-24,2026-10-24
wk,Z r k D w j K,Z,r k D w j K,wk@gym.local,000-000-0000,imported,2025-10-24,2026-10-24
JE,S e V J T Ysh p,S,e V J T Ysh p,JE@gym.local,000-000-0000,imported,2025-10-24,2026-10-24
lC,g T h y g S P gd T eD E,g,T h y g S P gd T eD E,lC@gym.local,000-000-0000,imported,2025-10-24,2026-10-24
3SP,s W s C T H e,s,W s C T H e,3SP@gym.local,000-000-0000,imported,2025-10-24,2026-10-24
KLa,Y V tZ K P e,Y,V tZ K P e,KLa@gym.local,000-000-0000,imported,2025-10-24,2026-10-24
ME,J n Ybf hBT J,J,n Ybf hBT J,ME@gym.local,000-000-0000,imported,2025-10-24,2026-10-24
6B,h U L cda,h,U L cda,6B@gym.local,000-000-0000,imported,2025-10-24,2026-10-24
8J,T k e E u Y,T,k e E u Y,8J@gym.local,000-000-0000,imported,2025-10-24,2026-10-24
LE,Q o g y S a,Q,o g y S a,LE@gym.local,000-000-0000,imported,2025-10-24,2026-10-24
lS,J y W d zu,J,y W d zu,lS@gym.local,000-000-0000,imported,2025-10-24,2026-10-24
Wk,f o D L q l,f,o D L q l,Wk@gym.local,000-000-0000,imported,2025-10-24,2026-10-24
xH,T W e o q lNS B,T,W e o q lNS B,xH@gym.local,000-000-0000,imported,2025-10-24,2026-10-24
XY,g o A e w e K G,g,o A e w e K G,XY@gym.local,000-000-0000,imported,2025-10-24,2026-10-24
X2,E C b S q d,E,C b S q d,X2@gym.local,000-000-0000,imported,2025-10-24,2026-10-24
mn,K e n l x,K,e n l x,mn@gym.local,000-000-0000,imported,2025-10-24,2026-10-24
jD,Z i m p RE sh uW w b xGX,Z,i m p RE sh uW w b xGX,jD@gym.local,000-000-0000,imported,2025-10-24,2026-10-24
7m,S a G f g S b,S,a G f g S b,7m@gym.local,000-000-0000,imported,2025-10-24,2026-10-24
ej,c Ps p M,c,Ps p M,ej@gym.local,000-000-0000,imported,2025-10-24,2026-10-24
koh,uw B gB e D,uw,B gB e D,koh@gym.local,000-000-0000,imported,2025-10-24,2026-10-24
CF,e p e kSh c h lt x,e,p e kSh c h lt x,CF@gym.local,000-000-0000,imported,2025-10-24,2026-10-24
NT,d kW n V G R S,d,kW n V G R S,NT@gym.local,000-000-0000,imported,2025-10-24,2026-10-24
DMV,uAB H,uAB,H,DMV@gym.local,000-000-0000,imported,2025-10-24,2026-10-24
Y9,p I tN x,p,I tN x,Y9@gym.local,000-000-0000,imported,2025-10-24,2026-10-24
n8,z P P n P v o H,z,P P n P v o H,n8@gym.local,000-000-0000,imported,2025-10-24,2026-10-24
h9,G M b mxN m WZ D v,G,M b mxN m WZ D v,h9@gym.local,000-000-0000,imported,2025-10-24,2026-10-24
Vo,RQ zhm wV,RQ,zhm wV,Vo@gym.local,000-000-0000,imported,2025-10-24,2026-10-24
63,n D B,n,D B,63@gym.local,000-000-0000,imported,2025-10-24,2026-10-24
qZ,as t g J x N v,as,t g J x N v,qZ@gym.local,000-000-0000,imported,2025-10-24,2026-10-24
KE,d m K MF,d,m K MF,KE@gym.local,000-000-0000,imported,2025-10-24,2026-10-24
TQ,G v r u c G P,G,v r u c G P,TQ@gym.local,000-000-0000,imported,2025-10-24,2026-10-24
UzR,H j o F x L q G,H,j o F x L q G,UzR@gym.local,000-000-0000,imported,2025-10-24,2026-10-24
H_,y M IfB f l C Z,y,M IfB f l C Z,H_@gym.local,000-000-0000,imported,2025-10-24,2026-10-24
G_,w s T,w,s T,G_@gym.local,000-000-0000,imported,2025-10-24,2026-10-24
TH,g iH Vr m X K V lA lM,g,iH Vr m X K V lA lM,TH@gym.local,000-000-0000,imported,2025-10-24,2026-10-24
_vB,a k S xa U,a,k S xa U,_vB@gym.local,000-000-0000,imported,2025-10-24,2026-10-24
XW,Z y J e U,Z,y J e U,XW@gym.local,000-000-0000,imported,2025-10-24,2026-10-24
1M,H i N g A,H,i N g A,1M@gym.local,000-000-0000,imported,2025-10-24,2026-10-24
ao,e V Y f T o,e,V Y f T o,ao@gym.local,000-000-0000,imported,2025-10-24,2026-10-24
35J,R F U Mb F U,R,F U Mb F U,35J@gym.local,000-000-0000,imported,2025-10-24,2026-10-24
e1,H o M,H,o M,e1@gym.local,000-000-0000,imported,2025-10-24,2026-10-24
G2,T w c t y xgy xsy,T,w c t y xgy xsy,G2@gym.local,000-000-0000,imported,2025-10-24,2026-10-24
5yJ_,j v l k K v,j,v l k K v,5yJ_@gym.local,000-000-0000,imported,2025-10-24,2026-10-24
gX0,l X W q T A,l,X W q T A,gX0@gym.local,000-000-0000,imported,2025-10-24,2026-10-24
2wP,oNSl,oNSl,User,2wP@gym.local,000-000-0000,imported,2025-10-24,2026-10-24
SM,X e a s R,X,e a s R,SM@gym.local,000-000-0000,imported,2025-10-24,2026-10-24
60,s u J C,s,u J C,60@gym.local,000-000-0000,imported,2025-10-24,2026-10-24
Md,GpG b D U,GpG,b D U,Md@gym.local,000-000-0000,imported,2025-10-24,2026-10-24
4RH,q k C y a,q,k C y a,4RH@gym.local,000-000-0000,imported,2025-10-24,2026-10-24
Zq,e M B F j S,e,M B F j S,Zq@gym.local,000-000-0000,imported,2025-10-24,2026-10-24
UG,orW c h X W l Q,orW,c h X W l Q,UG@gym.local,000-000-0000,imported,2025-10-24,2026-10-24
fE,h wsU Y,h,wsU Y,fE@gym.local,000-000-0000,imported,2025-10-24,2026-10-24
L4,X H U v L O g,X,H U v L O g,L4@gym.local,000-000-0000,imported,2025-10-24,2026-10-24
v5K,JE Y b t Ga G,JE,Y b t Ga G,v5K@gym.local,000-000-0000,imported,2025-10-24,2026-10-24
1AJXN,I H Y XQ,I,H Y XQ,1AJXN@gym.local,000-000-0000,imported,2025-10-24,2026-10-24
M0,C v N Pd K A H f Ir,C,v N Pd K A H f Ir,M0@gym.local,000-000-0000,imported,2025-10-24,2026-10-24
rN,p I R F k eW,p,I R F k eW,rN@gym.local,000-000-0000,imported,2025-10-24,2026-10-24
Vp,l I texZ RVx,l,I texZ RVx,Vp@gym.local,000-000-0000,imported,2025-10-24,2026-10-24
x1o,A s Cd p p sd q,A,s Cd p p sd q,x1o@gym.local,000-000-0000,imported,2025-10-24,2026-10-24
bh4,N C,N,C,bh4@gym.local,000-000-0000,imported,2025-10-24,2026-10-24
VAQ,s O r z a g LJ,s,O r z a g LJ,VAQ@gym.local,000-000-0000,imported,2025-10-24,2026-10-24
RCi,b l Nn b K F x Ohs R X,b,l Nn b K F x Ohs R X,RCi@gym.local,000-000-0000,imported,2025-10-24,2026-10-24
d4,y k V H m u H,y,k V H m u H,d4@gym.local,000-000-0000,imported,2025-10-24,2026-10-24
nCe,fw Jn,fw,Jn,nCe@gym.local,000-000-0000,imported,2025-10-24,2026-10-24
6_,M w uS B,M,w uS B,6_@gym.local,000-000-0000,imported,2025-10-24,2026-10-24
UX0,X e s p J C X Tgx g n D In,X,e s p J C X Tgx g n D In,UX0@gym.local,000-000-0000,imported,2025-10-24,2026-10-24
xa,p r Y h P,p,r Y h P,xa@gym.local,000-000-0000,imported,2025-10-24,2026-10-24
jO26,u J W h a N X,u,J W h a N X,jO26@gym.local,000-000-0000,imported,2025-10-24,2026-10-24
BO,I c s V w B iA,I,c s V w B iA,BO@gym.local,000-000-0000,imported,2025-10-24,2026-10-24
IA,Y c f a v Ih D,Y,c f a v Ih D,IA@gym.local,000-000-0000,imported,2025-10-24,2026-10-24
GH,C d R M L B,C,d R M L B,GH@gym.local,000-000-0000,imported,2025-10-24,2026-10-24
3X,C L s z X E N L,C,L s z X E N L,3X@gym.local,000-000-0000,imported,2025-10-24,2026-10-24
KT,Qr yfB,Qr,yfB,KT@gym.local,000-000-0000,imported,2025-10-24,2026-10-24
kI,x q e,x,q e,kI@gym.local,000-000-0000,imported,2025-10-24,2026-10-24
FE,S p j,S,p j,FE@gym.local,000-000-0000,imported,2025-10-24,2026-10-24
I8,B K d e,B,K d e,I8@gym.local,000-000-0000,imported,2025-10-24,2026-10-24
Ql,k L r T x K,k,L r T x K,Ql@gym.local,000-000-0000,imported,2025-10-24,2026-10-24
RE,k c V A,k,c V A,RE@gym.local,000-000-0000,imported,2025-10-24,2026-10-24
1A,x t p z W w,x,t p z W w,1A@gym.local,000-000-0000,imported,2025-10-24,2026-10-24
fR4,R v x s c l,R,v x s c l,fR4@gym.local,000-000-0000,imported,2025-10-24,2026-10-24
xb,W t a x,W,t a x,xb@gym.local,000-000-0000,imported,2025-10-24,2026-10-24
f6,O Q x H,O,Q x H,f6@gym.local,000-000-0000,imported,2025-10-24,2026-10-24
uSl,L OP s,L,OP s,uSl@gym.local,000-000-0000,imported,2025-10-24,2026-10-24
jf5,ah,ah,User,jf5@gym.local,000-000-0000,imported,2025-10-24,2026-10-24
bach,BKH Lh,BKH,Lh,bach@gym.local,000-000-0000,imported,2025-10-24,2026-10-24
TX,h d D B,h,d D B,TX@gym.local,000-000-0000,imported,2025-10-24,2026-10-24
8O,W z d Z,W,z d Z,8O@gym.local,000-000-0000,imported,2025-10-24,2026-10-24
up5j,b M k,b,M k,up5j@gym.local,000-000-0000,imported,2025-10-24,2026-10-24
omzm,E l,E,l,omzm@gym.local,000-000-0000,imported,2025-10-24,2026-10-24
vt,o V E h k K,o,V E h k K,vt@gym.local,000-000-0000,imported,2025-10-24,2026-10-24
gh,fz m U k q v,fz,m U k q v,gh@gym.local,000-000-0000,imported,2025-10-24,2026-10-24
5_,Y S,Y,S,5_@gym.local,000-000-0000,imported,2025-10-24,2026-10-24
Am,T V X g g Y G,T,V X g g Y G,Am@gym.local,000-000-0000,imported,2025-10-24,2026-10-24
9NcZ,BG b Eq Y,BG,b Eq Y,9NcZ@gym.local,000-000-0000,imported,2025-10-24,2026-10-24
Ip,H W R ZTU,H,W R ZTU,Ip@gym.local,000-000-0000,imported,2025-10-24,2026-10-24
r484,m r y D g qf W,m,r y D g qf W,r484@gym.local,000-000-0000,imported,2025-10-24,2026-10-24
jL,h ir tF y rnJt K T o q d,h,ir tF y rnJt K T o q d,jL@gym.local,000-000-0000,imported,2025-10-24,2026-10-24
gV,J R n M L p Rb G,J,R n M L p Rb G,gV@gym.local,000-000-0000,imported,2025-10-24,2026-10-24
Yp1,W S w e I e l,W,S w e I e l,Yp1@gym.local,000-000-0000,imported,2025-10-24,2026-10-24
jX,DG,DG,User,jX@gym.local,000-000-0000,imported,2025-10-24,2026-10-24
KM,q q O I G S O,q,q O I G S O,KM@gym.local,000-000-0000,imported,2025-10-24,2026-10-24
Wm,Z A AAi AAb w,Z,A AAi AAb w,Wm@gym.local,000-000-0000,imported,2025-10-24,2026-10-24
qnT,US lJT wu,US,lJT wu,qnT@gym.local,000-000-0000,imported,2025-10-24,2026-10-24
eLY,k y Lbz c swc m WW x,k,y Lbz c swc m WW x,eLY@gym.local,000-000-0000,imported,2025-10-24,2026-10-24
d7,fpz,fpz,User,d7@gym.local,000-000-0000,imported,2025-10-24,2026-10-24
66o,J k b U m,J,k b U m,66o@gym.local,000-000-0000,imported,2025-10-24,2026-10-24
UJ,L Y C ma P E,L,Y C ma P E,UJ@gym.local,000-000-0000,imported,2025-10-24,2026-10-24
zI,m q E M kye,m,q E M kye,zI@gym.local,000-000-0000,imported,2025-10-24,2026-10-24
xn,RX,RX,User,xn@gym.local,000-000-0000,imported,2025-10-24,2026-10-24
xm,c o D Q y j g C,c,o D Q y j g C,xm@gym.local,000-000-0000,imported,2025-10-24,2026-10-24
cW,b B B B G qB J,b,B B B G qB J,cW@gym.local,000-000-0000,imported,2025-10-24,2026-10-24
9Be,y E KL G e,y,E KL G e,9Be@gym.local,000-000-0000,imported,2025-10-24,2026-10-24
FIP,t B a K c k f cJ CT,t,B a K c k f cJ CT,FIP@gym.local,000-000-0000,imported,2025-10-24,2026-10-24
vB,L f i E K,L,f i E K,vB@gym.local,000-000-0000,imported,2025-10-24,2026-10-24
oR,h H C K N E N,h,H C K N E N,oR@gym.local,000-000-0000,imported,2025-10-24,2026-10-24
Kl,E N e g E l H M,E,N e g E l H M,Kl@gym.local,000-000-0000,imported,2025-10-24,2026-10-24
0c3,L b vq a La,L,b vq a La,0c3@gym.local,000-000-0000,imported,2025-10-24,2026-10-24
44,V H C W H,V,H C W H,44@gym.local,000-000-0000,imported,2025-10-24,2026-10-24
nak,oI,oI,User,nak@gym.local,000-000-0000,imported,2025-10-24,2026-10-24
2QE,P w Y jS kj a x,P,w Y jS kj a x,2QE@gym.local,000-000-0000,imported,2025-10-24,2026-10-24
5Zm,E XH e ohD q q b,E,XH e ohD q q b,5Zm@gym.local,000-000-0000,imported,2025-10-24,2026-10-24
VX,Hw,Hw,User,VX@gym.local,000-000-0000,imported,2025-10-24,2026-10-24
m6,R N F H A L,R,N F H A L,m6@gym.local,000-000-0000,imported,2025-10-24,2026-10-24
x3,g TA x R ed Yu,g,TA x R ed Yu,x3@gym.local,000-000-0000,imported,2025-10-24,2026-10-24
ak,W y r l QM,W,y r l QM,ak@gym.local,000-000-0000,imported,2025-10-24,2026-10-24
QOX,Ao,Ao,User,QOX@gym.local,000-000-0000,imported,2025-10-24,2026-10-24
yq,nW xff,nW,xff,yq@gym.local,000-000-0000,imported,2025-10-24,2026-10-24
bl,E Yn J h X X g G XJ,E,Yn J h X X g G XJ,bl@gym.local,000-000-0000,imported,2025-10-24,2026-10-24
BY1,Xd e mHN m u,Xd,e mHN m u,BY1@gym.local,000-000-0000,imported,2025-10-24,2026-10-24
tI,j v b v R JX,j,v b v R JX,tI@gym.local,000-000-0000,imported,2025-10-24,2026-10-24
Jm6,q A i M x Y Rx f Vk b X z,q,A i M x Y Rx f Vk b X z,Jm6@gym.local,000-000-0000,imported,2025-10-24,2026-10-24
CH,P H b u EB w Ue g I,P,H b u EB w Ue g I,CH@gym.local,000-000-0000,imported,2025-10-24,2026-10-24
kl,B R n l p v,B,R n l p v,kl@gym.local,000-000-0000,imported,2025-10-24,2026-10-24
iH,X j I u q v,X,j I u q v,iH@gym.local,000-000-0000,imported,2025-10-24,2026-10-24
ck,N U q P a k,N,U q P a k,ck@gym.local,000-000-0000,imported,2025-10-24,2026-10-24
Gzd,q j P a X z i vC X,q,j P a X z i vC X,Gzd@gym.local,000-000-0000,imported,2025-10-24,2026-10-24
R_,s q Ou d e U,s,q Ou d e U,R_@gym.local,000-000-0000,imported,2025-10-24,2026-10-24
RsEB,U t V X S,U,t V X S,RsEB@gym.local,000-000-0000,imported,2025-10-24,2026-10-24
R2,r Y z,r,Y z,R2@gym.local,000-000-0000,imported,2025-10-24,2026-10-24
3X0,u K B rXoz S f X,u,K B rXoz S f X,3X0@gym.local,000-000-0000,imported,2025-10-24,2026-10-24
o_,i K H Y g FGX Al F,i,K H Y g FGX Al F,o_@gym.local,000-000-0000,imported,2025-10-24,2026-10-24
tHj,o h R k k w V d c,o,h R k k w V d c,tHj@gym.local,000-000-0000,imported,2025-10-24,2026-10-24
WT30N,g U m e e O,g,U m e e O,WT30N@gym.local,000-000-0000,imported,2025-10-24,2026-10-24
Cj,n d q Y C S,n,d q Y C S,Cj@gym.local,000-000-0000,imported,2025-10-24,2026-10-24
xC,v J J Cw w,v,J J Cw w,xC@gym.local,000-000-0000,imported,2025-10-24,2026-10-24
L1,y j q,y,j q,L1@gym.local,000-000-0000,imported,2025-10-24,2026-10-24
RP,ov dx yt rT sL,ov,dx yt rT sL,RP@gym.local,000-000-0000,imported,2025-10-24,2026-10-24
wW1,kW,kW,User,wW1@gym.local,000-000-0000,imported,2025-10-24,2026-10-24
m9,p n W T h e Zk,p,n W T h e Zk,m9@gym.local,000-000-0000,imported,2025-10-24,2026-10-24
YVH,f N V K R,f,N V K R,YVH@gym.local,000-000-0000,imported,2025-10-24,2026-10-24
Qq,BJ Nsz Cf RF,BJ,Nsz Cf RF,Qq@gym.local,000-000-0000,imported,2025-10-24,2026-10-24
NM,Se,Se,User,NM@gym.local,000-000-0000,imported,2025-10-24,2026-10-24
bb,d pj w,d,pj w,bb@gym.local,000-000-0000,imported,2025-10-24,2026-10-24
T2h,Ez w z nR Qlk G Y Q,Ez,w z nR Qlk G Y Q,T2h@gym.local,000-000-0000,imported,2025-10-24,2026-10-24
Kqt,s N L y I I L L f,s,N L y I I L L f,Kqt@gym.local,000-000-0000,imported,2025-10-24,2026-10-24
u2,A Y r n m,A,Y r n m,u2@gym.local,000-000-0000,imported,2025-10-24,2026-10-24